Kode_Item,Nama_Item,Kandungan,Tipe_Golongan_Obat,Kategori_Obat,HNA,Satuan
OBT00000,Obat Rerum,Paracetamol 125mg,Keras,Antihistamin,46774,kapsul
OBT00001,Obat Eaque,Amoxicillin 350mg,Keras,Antihistamin,76489,botol
OBT00002,Obat Magni,Ibuprofen 242mg,Bebas,Antihistamin,40764,botol
OBT00003,Obat Ea,Paracetamol 792mg,Narkotika,Antihistamin,12639,tablet
OBT00004,Obat Consequuntur,Metformin 189mg,Bebas,Antibiotik,72737,sirup
OBT00005,Obat Nemo,Metformin 532mg,Keras,Vitamin,77816,tablet
OBT00006,Obat Quidem,Paracetamol 130mg,Bebas Terbatas,Antihistamin,177666,tablet
OBT00007,Obat Voluptatem,Paracetamol 323mg,Keras,Analgesik,149364,sirup
OBT00008,Obat Id,Ibuprofen 617mg,Keras,Antihistamin,51133,botol
OBT00009,Obat Exercitationem,Metformin 127mg,Bebas Terbatas,Antidiabetik,173897,botol
OBT00010,Obat Ea,Metformin 303mg,Narkotika,Analgesik,16070,kapsul
OBT00011,Obat Facere,Metformin 529mg,Keras,Vitamin,194392,sirup
OBT00012,Obat Magni,Ibuprofen 559mg,Narkotika,Antihistamin,132360,kapsul
OBT00013,Obat Quas,Metformin 384mg,Bebas Terbatas,Antibiotik,10218,tablet
OBT00014,Obat Quo,Paracetamol 877mg,Bebas Terbatas,Antibiotik,19503,botol
OBT00015,Obat Corporis,Ibuprofen 814mg,Bebas Terbatas,Antihistamin,27001,tablet
OBT00016,Obat Quae,Cetirizine 448mg,Bebas,Antidiabetik,87288,tablet
OBT00017,Obat Accusamus,Amoxicillin 259mg,Narkotika,Antibiotik,162705,botol
OBT00018,Obat Maxime,Ibuprofen 881mg,Bebas,Analgesik,83113,botol
OBT00019,Obat Ab,Amoxicillin 204mg,Bebas Terbatas,Antidiabetik,21667,sirup
OBT00020,Obat Aliquam,Paracetamol 489mg,Keras,Vitamin,111694,botol
OBT00021,Obat Voluptatibus,Paracetamol 467mg,Bebas,Vitamin,100272,kapsul
OBT00022,Obat Molestiae,Amoxicillin 718mg,Keras,Antibiotik,181074,botol
OBT00023,Obat Ex,Amoxicillin 926mg,Bebas,Antidiabetik,177341,tablet
OBT00024,Obat Possimus,Paracetamol 847mg,Narkotika,Antibiotik,28673,tablet
OBT00025,Obat Sit,Cetirizine 649mg,Keras,Vitamin,109043,sirup
OBT00026,Obat Sit,Paracetamol 487mg,Bebas,Antibiotik,194853,tablet
OBT00027,Obat Similique,Paracetamol 665mg,Bebas Terbatas,Antidiabetik,41847,kapsul
OBT00028,Obat Reprehenderit,Amoxicillin 949mg,Bebas Terbatas,Antihistamin,66876,sirup
OBT00029,Obat Ipsa,Metformin 982mg,Narkotika,Vitamin,34342,botol
OBT00030,Obat Corporis,Amoxicillin 691mg,Narkotika,Antihistamin,154677,botol
OBT00031,Obat Non,Ibuprofen 821mg,Bebas,Antidiabetik,197539,botol
OBT00032,Obat Labore,Paracetamol 146mg,Bebas Terbatas,Vitamin,136137,tablet
OBT00033,Obat Eligendi,Ibuprofen 891mg,Keras,Antibiotik,36625,tablet
OBT00034,Obat Neque,Amoxicillin 181mg,Bebas,Antibiotik,141828,kapsul
OBT00035,Obat Atque,Ibuprofen 987mg,Bebas,Antibiotik,179120,botol
OBT00036,Obat Odio,Paracetamol 489mg,Bebas Terbatas,Vitamin,157153,kapsul
OBT00037,Obat Sed,Amoxicillin 564mg,Narkotika,Vitamin,142693,botol
OBT00038,Obat Saepe,Amoxicillin 266mg,Keras,Antibiotik,71009,sirup
OBT00039,Obat Quos,Amoxicillin 463mg,Narkotika,Antibiotik,135141,kapsul
OBT00040,Obat Cum,Ibuprofen 786mg,Bebas,Antihistamin,28658,kapsul
OBT00041,Obat Laudantium,Amoxicillin 818mg,Bebas,Vitamin,67410,tablet
OBT00042,Obat Fuga,Paracetamol 723mg,Bebas Terbatas,Antibiotik,162239,tablet
OBT00043,Obat Saepe,Ibuprofen 646mg,Narkotika,Antidiabetik,37054,kapsul
OBT00044,Obat Iure,Ibuprofen 267mg,Bebas,Antibiotik,87158,sirup
OBT00045,Obat Incidunt,Cetirizine 488mg,Bebas,Vitamin,91320,tablet
OBT00046,Obat Aliquid,Amoxicillin 755mg,Narkotika,Antibiotik,158177,botol
OBT00047,Obat Explicabo,Metformin 324mg,Bebas Terbatas,Antihistamin,198262,kapsul
OBT00048,Obat Eius,Amoxicillin 963mg,Bebas Terbatas,Analgesik,107223,tablet
OBT00049,Obat Assumenda,Paracetamol 334mg,Keras,Vitamin,66849,tablet
OBT00050,Obat Saepe,Paracetamol 924mg,Keras,Vitamin,115852,sirup
OBT00051,Obat Veniam,Amoxicillin 510mg,Keras,Analgesik,62149,kapsul
OBT00052,Obat Fugit,Amoxicillin 167mg,Narkotika,Antibiotik,42821,botol
OBT00053,Obat Quasi,Ibuprofen 680mg,Keras,Antihistamin,33000,sirup
OBT00054,Obat Tempora,Amoxicillin 317mg,Keras,Antibiotik,50915,kapsul
OBT00055,Obat Dolores,Cetirizine 505mg,Narkotika,Analgesik,61127,kapsul
OBT00056,Obat Reiciendis,Cetirizine 246mg,Keras,Antihistamin,76970,tablet
OBT00057,Obat Dignissimos,Amoxicillin 242mg,Bebas Terbatas,Antidiabetik,120205,kapsul
OBT00058,Obat Aperiam,Ibuprofen 862mg,Bebas,Antidiabetik,112053,botol
OBT00059,Obat Quos,Metformin 651mg,Bebas Terbatas,Antihistamin,71664,tablet
OBT00060,Obat Vel,Amoxicillin 864mg,Bebas Terbatas,Antidiabetik,159528,tablet
OBT00061,Obat Totam,Metformin 538mg,Bebas,Antihistamin,19660,botol
OBT00062,Obat Dolorem,Metformin 508mg,Bebas Terbatas,Antibiotik,133544,sirup
OBT00063,Obat Sed,Amoxicillin 324mg,Bebas,Antibiotik,144845,botol
OBT00064,Obat Aperiam,Ibuprofen 621mg,Bebas Terbatas,Analgesik,103226,tablet
OBT00065,Obat Laboriosam,Cetirizine 193mg,Narkotika,Antibiotik,188400,tablet
OBT00066,Obat Iusto,Paracetamol 981mg,Narkotika,Antibiotik,34612,tablet
OBT00067,Obat Eos,Paracetamol 256mg,Keras,Analgesik,87965,botol
OBT00068,Obat Quibusdam,Ibuprofen 911mg,Narkotika,Vitamin,148063,kapsul
OBT00069,Obat Pariatur,Cetirizine 710mg,Bebas,Vitamin,116091,kapsul
OBT00070,Obat Perferendis,Paracetamol 494mg,Keras,Antihistamin,129480,sirup
OBT00071,Obat Maxime,Cetirizine 710mg,Bebas Terbatas,Vitamin,183975,kapsul
OBT00072,Obat Voluptate,Cetirizine 641mg,Narkotika,Vitamin,69578,kapsul
OBT00073,Obat Accusantium,Amoxicillin 666mg,Keras,Vitamin,77806,tablet
OBT00074,Obat Nisi,Paracetamol 796mg,Narkotika,Antibiotik,42987,tablet
OBT00075,Obat Enim,Paracetamol 798mg,Keras,Vitamin,100157,botol
OBT00076,Obat Libero,Metformin 868mg,Bebas,Antibiotik,129576,tablet
OBT00077,Obat Placeat,Amoxicillin 887mg,Bebas,Antibiotik,192608,tablet
OBT00078,Obat Accusamus,Amoxicillin 214mg,Bebas Terbatas,Analgesik,101400,sirup
OBT00079,Obat Distinctio,Amoxicillin 545mg,Keras,Antihistamin,85785,kapsul
OBT00080,Obat Reiciendis,Ibuprofen 564mg,Bebas,Analgesik,10524,tablet
OBT00081,Obat Soluta,Paracetamol 839mg,Bebas Terbatas,Antidiabetik,174187,kapsul
OBT00082,Obat Maiores,Amoxicillin 612mg,Keras,Antibiotik,163810,tablet
OBT00083,Obat A,Ibuprofen 619mg,Bebas Terbatas,Vitamin,14125,kapsul
OBT00084,Obat Tenetur,Paracetamol 991mg,Bebas,Vitamin,198842,kapsul
OBT00085,Obat Vel,Amoxicillin 961mg,Bebas Terbatas,Antidiabetik,178597,tablet
OBT00086,Obat Reiciendis,Metformin 723mg,Keras,Antihistamin,19332,botol
OBT00087,Obat Aliquid,Ibuprofen 256mg,Narkotika,Antibiotik,186058,tablet
OBT00088,Obat Eligendi,Amoxicillin 880mg,Bebas,Antidiabetik,181055,sirup
OBT00089,Obat Soluta,Ibuprofen 652mg,Keras,Antidiabetik,67829,sirup
OBT00090,Obat Quos,Metformin 100mg,Keras,Antidiabetik,71317,kapsul
OBT00091,Obat Repellat,Metformin 431mg,Bebas Terbatas,Antibiotik,149894,kapsul
OBT00092,Obat Sapiente,Cetirizine 119mg,Bebas,Antibiotik,105844,botol
OBT00093,Obat Alias,Paracetamol 471mg,Narkotika,Antibiotik,86072,botol
OBT00094,Obat Suscipit,Amoxicillin 345mg,Narkotika,Antibiotik,172496,tablet
OBT00095,Obat Quibusdam,Paracetamol 346mg,Bebas Terbatas,Analgesik,188662,kapsul
OBT00096,Obat Occaecati,Metformin 180mg,Bebas,Antidiabetik,100120,kapsul
OBT00097,Obat Accusamus,Paracetamol 849mg,Narkotika,Analgesik,184633,tablet
OBT00098,Obat Quas,Cetirizine 935mg,Bebas,Antihistamin,36995,sirup
OBT00099,Obat Cupiditate,Paracetamol 878mg,Bebas Terbatas,Antidiabetik,145223,sirup
OBT00100,Obat Iusto,Metformin 884mg,Bebas,Antibiotik,66966,kapsul
OBT00101,Obat Magnam,Ibuprofen 231mg,Bebas,Antibiotik,120973,tablet
OBT00102,Obat Voluptatibus,Cetirizine 662mg,Bebas,Antibiotik,106835,botol
OBT00103,Obat Sit,Ibuprofen 371mg,Bebas Terbatas,Analgesik,7062,sirup
OBT00104,Obat Ducimus,Metformin 993mg,Bebas Terbatas,Antibiotik,108016,tablet
OBT00105,Obat Quam,Metformin 533mg,Bebas Terbatas,Antidiabetik,71986,botol
OBT00106,Obat Sapiente,Ibuprofen 652mg,Narkotika,Vitamin,83876,kapsul
OBT00107,Obat Nostrum,Ibuprofen 830mg,Keras,Antidiabetik,28658,botol
OBT00108,Obat Unde,Amoxicillin 508mg,Bebas,Antihistamin,66724,kapsul
OBT00109,Obat Omnis,Amoxicillin 548mg,Keras,Antidiabetik,82967,tablet
OBT00110,Obat Ullam,Metformin 562mg,Bebas,Antibiotik,60151,sirup
OBT00111,Obat Quas,Paracetamol 353mg,Bebas,Antidiabetik,47002,sirup
OBT00112,Obat Dignissimos,Ibuprofen 165mg,Bebas,Antidiabetik,120040,tablet
OBT00113,Obat Dolorum,Amoxicillin 121mg,Bebas Terbatas,Analgesik,170505,tablet
OBT00114,Obat Suscipit,Metformin 667mg,Narkotika,Vitamin,88147,kapsul
OBT00115,Obat At,Ibuprofen 702mg,Bebas Terbatas,Antidiabetik,173933,botol
OBT00116,Obat Unde,Ibuprofen 107mg,Bebas,Antihistamin,111506,sirup
OBT00117,Obat Commodi,Paracetamol 824mg,Keras,Antidiabetik,13881,botol
OBT00118,Obat Nesciunt,Paracetamol 334mg,Bebas,Vitamin,76837,tablet
OBT00119,Obat Modi,Paracetamol 132mg,Bebas,Vitamin,25996,kapsul
OBT00120,Obat Quia,Amoxicillin 172mg,Narkotika,Vitamin,133894,sirup
OBT00121,Obat Omnis,Metformin 343mg,Bebas,Vitamin,128493,tablet
OBT00122,Obat Aut,Amoxicillin 785mg,Bebas Terbatas,Vitamin,198184,sirup
OBT00123,Obat Asperiores,Cetirizine 319mg,Narkotika,Analgesik,113255,botol
OBT00124,Obat Ullam,Metformin 235mg,Narkotika,Vitamin,92221,kapsul
OBT00125,Obat Quod,Metformin 690mg,Narkotika,Analgesik,193058,sirup
OBT00126,Obat Cumque,Cetirizine 348mg,Bebas,Antidiabetik,115720,kapsul
OBT00127,Obat Nemo,Cetirizine 926mg,Narkotika,Antidiabetik,31318,sirup
OBT00128,Obat Autem,Cetirizine 294mg,Narkotika,Analgesik,47033,botol
OBT00129,Obat Adipisci,Paracetamol 199mg,Bebas Terbatas,Antibiotik,188102,tablet
OBT00130,Obat Voluptate,Cetirizine 462mg,Keras,Vitamin,73411,sirup
OBT00131,Obat Similique,Cetirizine 520mg,Bebas Terbatas,Vitamin,137732,tablet
OBT00132,Obat Dignissimos,Cetirizine 984mg,Bebas Terbatas,Antidiabetik,22397,botol
OBT00133,Obat Sapiente,Paracetamol 789mg,Keras,Analgesik,97237,botol
OBT00134,Obat Eaque,Paracetamol 162mg,Keras,Vitamin,115328,kapsul
OBT00135,Obat Aut,Cetirizine 845mg,Narkotika,Antidiabetik,162841,tablet
OBT00136,Obat Quibusdam,Amoxicillin 919mg,Bebas Terbatas,Vitamin,196163,kapsul
OBT00137,Obat At,Paracetamol 354mg,Bebas,Analgesik,148583,tablet
OBT00138,Obat Illum,Ibuprofen 294mg,Bebas Terbatas,Antibiotik,198406,tablet
OBT00139,Obat Vel,Metformin 559mg,Keras,Antihistamin,90660,sirup
OBT00140,Obat Impedit,Ibuprofen 532mg,Narkotika,Antidiabetik,123819,kapsul
OBT00141,Obat Dolorem,Ibuprofen 385mg,Narkotika,Antidiabetik,187245,botol
OBT00142,Obat Possimus,Cetirizine 355mg,Narkotika,Antihistamin,12169,kapsul
OBT00143,Obat Rem,Paracetamol 553mg,Bebas,Antihistamin,18657,tablet
OBT00144,Obat Reiciendis,Metformin 200mg,Bebas,Antidiabetik,173132,tablet
OBT00145,Obat Recusandae,Paracetamol 767mg,Keras,Antibiotik,173189,kapsul
OBT00146,Obat Nostrum,Metformin 956mg,Narkotika,Antidiabetik,53166,sirup
OBT00147,Obat Veritatis,Paracetamol 195mg,Bebas Terbatas,Antihistamin,170191,botol
OBT00148,Obat Est,Ibuprofen 270mg,Narkotika,Vitamin,121235,sirup
OBT00149,Obat Unde,Cetirizine 597mg,Bebas Terbatas,Analgesik,173060,kapsul
OBT00150,Obat Temporibus,Cetirizine 318mg,Bebas Terbatas,Vitamin,40675,kapsul
OBT00151,Obat Itaque,Cetirizine 160mg,Bebas,Antibiotik,5806,botol
OBT00152,Obat Fugit,Ibuprofen 488mg,Narkotika,Antidiabetik,110031,kapsul
OBT00153,Obat Alias,Paracetamol 499mg,Keras,Antidiabetik,57448,tablet
OBT00154,Obat Harum,Amoxicillin 902mg,Narkotika,Analgesik,169704,kapsul
OBT00155,Obat Voluptas,Cetirizine 392mg,Narkotika,Vitamin,85097,botol
OBT00156,Obat Quod,Cetirizine 813mg,Keras,Analgesik,87240,sirup
OBT00157,Obat Rerum,Metformin 777mg,Keras,Antibiotik,155944,kapsul
OBT00158,Obat Enim,Cetirizine 258mg,Narkotika,Vitamin,26556,sirup
OBT00159,Obat Id,Ibuprofen 403mg,Keras,Vitamin,34052,sirup
OBT00160,Obat Quibusdam,Ibuprofen 159mg,Bebas Terbatas,Antibiotik,46372,tablet
OBT00161,Obat Natus,Metformin 853mg,Bebas,Antidiabetik,70432,botol
OBT00162,Obat Inventore,Metformin 162mg,Keras,Antidiabetik,140362,sirup
OBT00163,Obat Adipisci,Amoxicillin 158mg,Bebas Terbatas,Antihistamin,192056,tablet
OBT00164,Obat Laudantium,Paracetamol 698mg,Bebas,Antidiabetik,175178,kapsul
OBT00165,Obat Cumque,Cetirizine 614mg,Keras,Analgesik,39103,sirup
OBT00166,Obat Excepturi,Metformin 261mg,Bebas,Antibiotik,160717,sirup
OBT00167,Obat Accusantium,Paracetamol 620mg,Narkotika,Antidiabetik,184766,kapsul
OBT00168,Obat Dolore,Paracetamol 971mg,Keras,Vitamin,112561,kapsul
OBT00169,Obat Similique,Ibuprofen 170mg,Bebas Terbatas,Antibiotik,88728,tablet
OBT00170,Obat Ipsam,Metformin 169mg,Bebas Terbatas,Antidiabetik,123355,kapsul
OBT00171,Obat Earum,Ibuprofen 513mg,Bebas,Analgesik,130400,kapsul
OBT00172,Obat Voluptatum,Paracetamol 683mg,Bebas Terbatas,Antihistamin,197720,botol
OBT00173,Obat Aut,Ibuprofen 692mg,Bebas Terbatas,Antihistamin,39998,sirup
OBT00174,Obat Maiores,Metformin 140mg,Keras,Antibiotik,73335,kapsul
OBT00175,Obat Possimus,Metformin 183mg,Bebas,Analgesik,50476,botol
OBT00176,Obat Reprehenderit,Cetirizine 773mg,Bebas Terbatas,Analgesik,185215,tablet
OBT00177,Obat Et,Metformin 678mg,Narkotika,Analgesik,160456,tablet
OBT00178,Obat Dolores,Metformin 423mg,Keras,Antidiabetik,90873,botol
OBT00179,Obat Dicta,Amoxicillin 309mg,Bebas Terbatas,Antihistamin,78871,tablet
OBT00180,Obat Quidem,Amoxicillin 344mg,Bebas Terbatas,Analgesik,57078,kapsul
OBT00181,Obat Voluptatibus,Amoxicillin 505mg,Bebas Terbatas,Vitamin,27124,tablet
OBT00182,Obat Quos,Ibuprofen 787mg,Keras,Antidiabetik,113657,kapsul
OBT00183,Obat Vero,Amoxicillin 568mg,Keras,Vitamin,101364,kapsul
OBT00184,Obat Totam,Amoxicillin 869mg,Bebas,Vitamin,52681,kapsul
OBT00185,Obat Voluptas,Paracetamol 109mg,Keras,Antibiotik,108152,tablet
OBT00186,Obat Dolorem,Cetirizine 736mg,Bebas Terbatas,Antidiabetik,103912,kapsul
OBT00187,Obat Deserunt,Metformin 202mg,Bebas Terbatas,Vitamin,154524,kapsul
OBT00188,Obat Repudiandae,Paracetamol 650mg,Narkotika,Antidiabetik,63847,kapsul
OBT00189,Obat Labore,Ibuprofen 618mg,Keras,Analgesik,10435,tablet
OBT00190,Obat Iusto,Amoxicillin 235mg,Bebas Terbatas,Antibiotik,11021,botol
OBT00191,Obat Velit,Amoxicillin 170mg,Narkotika,Antihistamin,151415,botol
OBT00192,Obat Cupiditate,Ibuprofen 478mg,Bebas,Vitamin,174635,sirup
OBT00193,Obat Et,Amoxicillin 261mg,Bebas,Antibiotik,165432,kapsul
OBT00194,Obat Aliquid,Cetirizine 953mg,Bebas,Antibiotik,169266,kapsul
OBT00195,Obat Omnis,Metformin 820mg,Bebas Terbatas,Antibiotik,64954,kapsul
OBT00196,Obat Odit,Amoxicillin 726mg,Bebas Terbatas,Antibiotik,28324,botol
OBT00197,Obat A,Metformin 108mg,Bebas,Analgesik,126221,kapsul
OBT00198,Obat Pariatur,Metformin 406mg,Narkotika,Antidiabetik,56974,kapsul
OBT00199,Obat Vero,Paracetamol 999mg,Bebas,Antihistamin,73624,sirup
OBT00200,Obat Quaerat,Ibuprofen 370mg,Keras,Antihistamin,188831,sirup
OBT00201,Obat Placeat,Paracetamol 209mg,Bebas Terbatas,Antidiabetik,49238,botol
OBT00202,Obat Possimus,Metformin 259mg,Bebas Terbatas,Antihistamin,18050,kapsul
OBT00203,Obat Delectus,Amoxicillin 388mg,Keras,Antibiotik,110128,sirup
OBT00204,Obat Doloribus,Metformin 315mg,Bebas Terbatas,Analgesik,167006,botol
OBT00205,Obat Consequuntur,Amoxicillin 308mg,Keras,Antibiotik,117434,tablet
OBT00206,Obat Maiores,Amoxicillin 617mg,Bebas,Antibiotik,162389,sirup
OBT00207,Obat Ratione,Cetirizine 357mg,Bebas,Analgesik,73198,botol
OBT00208,Obat Eveniet,Paracetamol 194mg,Bebas Terbatas,Vitamin,44125,botol
OBT00209,Obat Praesentium,Cetirizine 949mg,Bebas Terbatas,Antihistamin,28346,kapsul
OBT00210,Obat Vero,0,Bebas,Analgesik,101448,botol
OBT00211,Obat Ea,Paracetamol 441mg,Keras,Antidiabetik,49596,botol
OBT00212,Obat Maiores,Ibuprofen 752mg,Bebas,Antidiabetik,153699,botol
OBT00213,Obat Aspernatur,Amoxicillin 265mg,Keras,Antidiabetik,35762,botol
OBT00214,Obat Libero,Cetirizine 664mg,Narkotika,Vitamin,8700,kapsul
OBT00215,Obat Ipsa,Cetirizine 674mg,Bebas,Analgesik,193372,botol
OBT00216,Obat Dolore,Paracetamol 214mg,Keras,Vitamin,142845,tablet
OBT00217,Obat Unde,Paracetamol 807mg,Keras,Antidiabetik,119074,botol
OBT00218,Obat In,Ibuprofen 658mg,Keras,Antibiotik,123936,botol
OBT00219,Obat Commodi,Paracetamol 954mg,Bebas Terbatas,Antibiotik,181582,tablet
OBT00220,Obat Doloremque,Amoxicillin 696mg,Bebas Terbatas,Vitamin,134538,sirup
OBT00221,Obat Ducimus,Metformin 251mg,Narkotika,Antidiabetik,36067,kapsul
OBT00222,Obat Quibusdam,Cetirizine 230mg,Narkotika,Antidiabetik,63847,kapsul
OBT00223,Obat Fugit,Paracetamol 415mg,Keras,Antidiabetik,192056,sirup
OBT00224,Obat Suscipit,Amoxicillin 915mg,Bebas Terbatas,Antidiabetik,58253,botol
OBT00225,Obat Mollitia,Paracetamol 466mg,Keras,Analgesik,54950,botol
OBT00226,Obat Quod,Ibuprofen 798mg,Bebas Terbatas,Vitamin,74783,sirup
OBT00227,Obat Officiis,Ibuprofen 782mg,Bebas Terbatas,Vitamin,80487,botol
OBT00228,Obat Alias,Paracetamol 462mg,Narkotika,Analgesik,134543,sirup
OBT00229,Obat Fugiat,Metformin 995mg,Keras,Antibiotik,105158,botol
OBT00230,Obat Quos,Cetirizine 735mg,Keras,Vitamin,39130,botol
OBT00231,Obat Tempore,Ibuprofen 342mg,Bebas Terbatas,Antihistamin,118064,tablet
OBT00232,Obat Sequi,Ibuprofen 919mg,Bebas Terbatas,Vitamin,59160,sirup
OBT00233,Obat Nobis,Ibuprofen 522mg,Bebas,Vitamin,162308,kapsul
OBT00234,Obat A,Paracetamol 283mg,Narkotika,Antibiotik,61509,botol
OBT00235,Obat Quibusdam,Amoxicillin 901mg,Bebas,Analgesik,79178,kapsul
OBT00236,Obat Error,Cetirizine 921mg,Bebas Terbatas,Antibiotik,195502,kapsul
OBT00237,Obat Fugiat,Ibuprofen 373mg,Keras,Antibiotik,182520,kapsul
OBT00238,Obat Iste,Ibuprofen 906mg,Bebas Terbatas,Analgesik,54640,tablet
OBT00239,Obat Hic,Paracetamol 491mg,Bebas,Antihistamin,114662,tablet
OBT00240,Obat Eaque,Paracetamol 979mg,Narkotika,Analgesik,52282,sirup
OBT00241,Obat At,Cetirizine 327mg,Bebas Terbatas,Antibiotik,112092,botol
OBT00242,Obat Officiis,Ibuprofen 936mg,Keras,Analgesik,43258,botol
OBT00243,Obat Ratione,Cetirizine 458mg,Bebas,Vitamin,12542,botol
OBT00244,Obat Reprehenderit,Amoxicillin 940mg,Bebas Terbatas,Vitamin,81072,botol
OBT00245,Obat Vel,Ibuprofen 328mg,Keras,Antihistamin,73629,sirup
OBT00246,Obat Quod,Paracetamol 775mg,Keras,Antihistamin,66731,botol
OBT00247,Obat Quae,Ibuprofen 508mg,Bebas Terbatas,Analgesik,166921,botol
OBT00248,Obat Quaerat,Amoxicillin 385mg,Bebas,Analgesik,123220,sirup
OBT00249,Obat Explicabo,Paracetamol 891mg,Keras,Analgesik,70095,tablet
OBT00250,Obat Dolore,Amoxicillin 459mg,Narkotika,Antidiabetik,101898,botol
OBT00251,Obat Neque,Metformin 509mg,Bebas,Antibiotik,157804,tablet
OBT00252,Obat Minus,Metformin 439mg,Keras,Antibiotik,184376,tablet
OBT00253,Obat At,Paracetamol 218mg,Bebas Terbatas,Antihistamin,174668,botol
OBT00254,Obat Autem,Amoxicillin 282mg,Bebas Terbatas,Vitamin,125104,kapsul
OBT00255,Obat Sit,Metformin 371mg,Bebas,Vitamin,27475,kapsul
OBT00256,Obat Vel,Paracetamol 211mg,Keras,Vitamin,7705,botol
OBT00257,Obat Exercitationem,Metformin 544mg,Keras,Vitamin,127914,sirup
OBT00258,Obat Repellat,Amoxicillin 846mg,Bebas,Antibiotik,39918,sirup
OBT00259,Obat Asperiores,Amoxicillin 546mg,Bebas,Antidiabetik,89736,botol
OBT00260,Obat Itaque,Metformin 623mg,Bebas,Vitamin,186671,sirup
OBT00261,Obat Atque,Paracetamol 494mg,Narkotika,Antihistamin,109216,tablet
OBT00262,Obat Illum,Metformin 294mg,Narkotika,Analgesik,185054,botol
OBT00263,Obat Dolorem,Amoxicillin 145mg,Narkotika,Analgesik,60631,botol
OBT00264,Obat Rem,Cetirizine 101mg,Bebas Terbatas,Antihistamin,191996,kapsul
OBT00265,Obat Minus,Metformin 925mg,Narkotika,Antihistamin,105531,kapsul
OBT00266,Obat Unde,Metformin 803mg,Narkotika,Antihistamin,190716,botol
OBT00267,Obat Dolorum,Ibuprofen 472mg,Narkotika,Antidiabetik,115963,tablet
OBT00268,Obat Itaque,Cetirizine 171mg,Keras,Analgesik,197965,sirup
OBT00269,Obat Dolor,Amoxicillin 738mg,Narkotika,Antidiabetik,161551,tablet
OBT00270,Obat Debitis,Amoxicillin 779mg,Bebas,Vitamin,72168,kapsul
OBT00271,Obat Repudiandae,Paracetamol 837mg,Narkotika,Analgesik,24151,sirup
OBT00272,Obat Repellat,Amoxicillin 619mg,Bebas Terbatas,Antihistamin,29976,botol
OBT00273,Obat Consequatur,Amoxicillin 782mg,Bebas Terbatas,Antidiabetik,151014,kapsul
OBT00274,Obat Sequi,Cetirizine 434mg,Narkotika,Antibiotik,20401,sirup
OBT00275,Obat Sed,Cetirizine 813mg,Bebas,Analgesik,18661,kapsul
OBT00276,Obat Reprehenderit,Amoxicillin 667mg,Bebas,Antihistamin,92257,kapsul
OBT00277,Obat Accusantium,Ibuprofen 296mg,Keras,Antihistamin,66562,tablet
OBT00278,Obat Consectetur,Cetirizine 780mg,Bebas,Vitamin,128452,tablet
OBT00279,Obat Similique,Cetirizine 793mg,Keras,Antidiabetik,97878,tablet
OBT00280,Obat Numquam,Ibuprofen 730mg,Keras,Vitamin,163957,botol
OBT00281,Obat Reprehenderit,Metformin 408mg,Bebas,Antibiotik,180843,botol
OBT00282,Obat Labore,Cetirizine 661mg,Bebas,Antibiotik,161822,tablet
OBT00283,Obat Unde,Paracetamol 411mg,Keras,Vitamin,191008,kapsul
OBT00284,Obat Voluptatibus,Amoxicillin 315mg,Bebas Terbatas,Analgesik,16930,botol
OBT00285,Obat Omnis,Cetirizine 904mg,Narkotika,Analgesik,6405,kapsul
OBT00286,Obat Ex,Metformin 721mg,Bebas Terbatas,Vitamin,71494,botol
OBT00287,Obat Enim,Amoxicillin 576mg,Bebas,Vitamin,137262,sirup
OBT00288,Obat Minima,Cetirizine 552mg,Bebas,Analgesik,167439,sirup
OBT00289,Obat Repudiandae,Ibuprofen 623mg,Keras,Antidiabetik,104860,botol
OBT00290,Obat Officiis,Cetirizine 912mg,Narkotika,Vitamin,84300,sirup
OBT00291,Obat Ex,Ibuprofen 774mg,Bebas,Antihistamin,108467,botol
OBT00292,Obat Necessitatibus,Paracetamol 390mg,Narkotika,Antidiabetik,180967,tablet
OBT00293,Obat Error,Metformin 779mg,Bebas Terbatas,Vitamin,102229,tablet
OBT00294,Obat Quam,Metformin 443mg,Narkotika,Antihistamin,39665,sirup
OBT00295,Obat Earum,Paracetamol 938mg,Bebas Terbatas,Antihistamin,151685,kapsul
OBT00296,Obat Iure,Ibuprofen 788mg,Bebas,Vitamin,15780,sirup
OBT00297,Obat Nihil,Amoxicillin 330mg,Bebas,Vitamin,157171,kapsul
OBT00298,Obat Nemo,Ibuprofen 250mg,Keras,Vitamin,52021,botol
OBT00299,Obat Eaque,Paracetamol 147mg,Bebas Terbatas,Antihistamin,73233,sirup
OBT00300,Obat Eligendi,Ibuprofen 586mg,Bebas Terbatas,Antibiotik,49529,tablet
OBT00301,Obat Quos,Metformin 970mg,Narkotika,Vitamin,137054,kapsul
OBT00302,Obat Repudiandae,Paracetamol 566mg,Keras,Vitamin,134195,botol
OBT00303,Obat Cum,Cetirizine 744mg,Keras,Antidiabetik,93913,tablet
OBT00304,Obat Illum,Metformin 299mg,Keras,Vitamin,127705,tablet
OBT00305,Obat Magnam,Cetirizine 606mg,Bebas Terbatas,Antidiabetik,39581,tablet
OBT00306,Obat Itaque,Cetirizine 349mg,Bebas,Antidiabetik,28500,botol
OBT00307,Obat Iure,Ibuprofen 771mg,Bebas,Antibiotik,88182,botol
OBT00308,Obat Debitis,Paracetamol 868mg,Narkotika,Vitamin,191189,sirup
OBT00309,Obat Rem,Paracetamol 897mg,Narkotika,Antibiotik,144047,botol
OBT00310,Obat Quas,Cetirizine 324mg,Bebas Terbatas,Antihistamin,118489,kapsul
OBT00311,Obat Exercitationem,Ibuprofen 923mg,Bebas,Antibiotik,42170,kapsul
OBT00312,Obat Commodi,Metformin 575mg,Keras,Analgesik,73263,sirup
OBT00313,Obat Nisi,Paracetamol 670mg,Bebas,Analgesik,35629,kapsul
OBT00314,Obat Porro,Ibuprofen 968mg,Narkotika,Analgesik,87121,kapsul
OBT00315,Obat Sapiente,Paracetamol 567mg,Bebas,Antidiabetik,16576,kapsul
OBT00316,Obat Quo,Ibuprofen 920mg,Keras,Analgesik,38520,botol
OBT00317,Obat Nesciunt,Cetirizine 783mg,Narkotika,Antibiotik,135865,kapsul
OBT00318,Obat Rem,Metformin 672mg,Bebas Terbatas,Vitamin,78662,tablet
OBT00319,Obat Quibusdam,Metformin 424mg,Bebas,Antidiabetik,99527,botol
OBT00320,Obat Exercitationem,Cetirizine 727mg,Bebas,Antidiabetik,117744,kapsul
OBT00321,Obat Autem,Metformin 536mg,Bebas Terbatas,Analgesik,79167,kapsul
OBT00322,Obat Quia,Metformin 556mg,Bebas Terbatas,Antihistamin,74000,kapsul
OBT00323,Obat Saepe,Ibuprofen 861mg,Keras,Antihistamin,165676,tablet
OBT00324,Obat Optio,Cetirizine 560mg,Bebas,Vitamin,74142,kapsul
OBT00325,Obat Repellendus,Amoxicillin 869mg,Narkotika,Antibiotik,140521,kapsul
OBT00326,Obat Totam,Ibuprofen 960mg,Bebas,Analgesik,87053,sirup
OBT00327,Obat Fugit,Amoxicillin 884mg,Keras,Antibiotik,119235,botol
OBT00328,Obat Officiis,Metformin 596mg,Narkotika,Antihistamin,48249,botol
OBT00329,Obat Minima,Ibuprofen 381mg,Narkotika,Antihistamin,87717,tablet
OBT00330,Obat Unde,Cetirizine 179mg,Narkotika,Analgesik,198165,kapsul
OBT00331,Obat Ipsam,Amoxicillin 340mg,Keras,Antihistamin,133784,tablet
OBT00332,Obat Quibusdam,Amoxicillin 443mg,Bebas,Antihistamin,44653,sirup
OBT00333,Obat Exercitationem,Amoxicillin 653mg,Narkotika,Vitamin,150666,tablet
OBT00334,Obat Voluptatibus,Paracetamol 241mg,Bebas Terbatas,Vitamin,177338,botol
OBT00335,Obat Similique,Ibuprofen 336mg,Keras,Antihistamin,171894,tablet
OBT00336,Obat Magnam,Cetirizine 810mg,Narkotika,Analgesik,120340,sirup
OBT00337,Obat Voluptas,Ibuprofen 823mg,Keras,Analgesik,18951,tablet
OBT00338,Obat Dolorem,Ibuprofen 165mg,Bebas Terbatas,Antihistamin,54524,sirup
OBT00339,Obat Accusantium,Cetirizine 517mg,Narkotika,Antihistamin,43960,tablet
OBT00340,Obat Voluptatem,Amoxicillin 655mg,Bebas,Antidiabetik,19304,kapsul
OBT00341,Obat Perspiciatis,Cetirizine 525mg,Keras,Vitamin,65256,botol
OBT00342,Obat Laudantium,Paracetamol 311mg,Narkotika,Vitamin,53009,botol
OBT00343,Obat Pariatur,Cetirizine 498mg,Narkotika,Analgesik,14401,tablet
OBT00344,Obat Consectetur,Metformin 812mg,Keras,Antibiotik,128272,tablet
OBT00345,Obat Quo,Paracetamol 977mg,Bebas Terbatas,Antibiotik,73216,tablet
OBT00346,Obat Ipsum,Metformin 489mg,Keras,Antihistamin,47874,sirup
OBT00347,Obat Rerum,Cetirizine 106mg,Bebas,Antihistamin,190063,tablet
OBT00348,Obat Aliquid,Amoxicillin 405mg,Bebas Terbatas,Antidiabetik,127456,tablet
OBT00349,Obat Libero,Cetirizine 973mg,Bebas,Antidiabetik,119407,tablet
OBT00350,Obat Alias,Cetirizine 651mg,Bebas,Analgesik,35415,kapsul
OBT00351,Obat Minima,Metformin 919mg,Keras,Antibiotik,134737,tablet
OBT00352,Obat Deleniti,Metformin 325mg,Narkotika,Antidiabetik,15693,botol
OBT00353,Obat Ab,Cetirizine 324mg,Bebas Terbatas,Antibiotik,120741,sirup
OBT00354,Obat Aliquid,Amoxicillin 546mg,Bebas,Antidiabetik,98459,botol
OBT00355,Obat Numquam,Cetirizine 129mg,Narkotika,Vitamin,190867,botol
OBT00356,Obat Aliquam,Cetirizine 444mg,Narkotika,Antihistamin,152024,sirup
OBT00357,Obat Voluptatem,Cetirizine 841mg,Narkotika,Antidiabetik,132192,botol
OBT00358,Obat Quas,Ibuprofen 960mg,Bebas Terbatas,Antidiabetik,124998,sirup
OBT00359,Obat Iusto,Cetirizine 230mg,Narkotika,Analgesik,134233,sirup
OBT00360,Obat Inventore,Metformin 646mg,Keras,Vitamin,34488,sirup
OBT00361,Obat Eum,Paracetamol 503mg,Bebas,Antihistamin,193681,sirup
OBT00362,Obat Repudiandae,Metformin 677mg,Narkotika,Vitamin,43811,kapsul
OBT00363,Obat Excepturi,Paracetamol 185mg,Bebas,Antihistamin,37415,sirup
OBT00364,Obat Explicabo,Cetirizine 238mg,Bebas Terbatas,Vitamin,96646,botol
OBT00365,Obat Repellendus,Cetirizine 286mg,Bebas,Vitamin,29530,botol
OBT00366,Obat Excepturi,Paracetamol 366mg,Narkotika,Analgesik,58407,tablet
OBT00367,Obat Magni,Cetirizine 435mg,Bebas Terbatas,Antibiotik,79479,sirup
OBT00368,Obat Soluta,Ibuprofen 565mg,Bebas Terbatas,Vitamin,52357,sirup
OBT00369,Obat Aspernatur,Amoxicillin 445mg,Bebas Terbatas,Antihistamin,49117,tablet
OBT00370,Obat Magni,Cetirizine 384mg,Bebas Terbatas,Antihistamin,138362,tablet
OBT00371,Obat Molestiae,Cetirizine 358mg,Bebas Terbatas,Analgesik,76510,botol
OBT00372,Obat Dolores,Paracetamol 581mg,Bebas,Antibiotik,152651,botol
OBT00373,Obat Eum,Paracetamol 867mg,Narkotika,Antihistamin,178837,kapsul
OBT00374,Obat Suscipit,Metformin 153mg,Bebas,Analgesik,158531,tablet
OBT00375,Obat Magnam,Amoxicillin 329mg,Narkotika,Antihistamin,60678,tablet
OBT00376,Obat Minima,Paracetamol 899mg,Bebas Terbatas,Antidiabetik,157973,sirup
OBT00377,Obat Occaecati,Paracetamol 872mg,Bebas Terbatas,Vitamin,6081,kapsul
OBT00378,Obat Placeat,Paracetamol 353mg,Keras,Antibiotik,142891,sirup
OBT00379,Obat Facere,Ibuprofen 959mg,Keras,Vitamin,154628,botol
OBT00380,Obat Vitae,Paracetamol 736mg,Bebas,Vitamin,52335,botol
OBT00381,Obat Eaque,Ibuprofen 344mg,Bebas,Antidiabetik,114161,botol
OBT00382,Obat Atque,Ibuprofen 584mg,Narkotika,Antibiotik,25141,kapsul
OBT00383,Obat Iusto,Paracetamol 677mg,Narkotika,Vitamin,69528,tablet
OBT00384,Obat Facere,Ibuprofen 576mg,Keras,Analgesik,135576,sirup
OBT00385,Obat Temporibus,Amoxicillin 885mg,Keras,Antihistamin,182447,tablet
OBT00386,Obat Distinctio,Amoxicillin 271mg,Narkotika,Antihistamin,29721,sirup
OBT00387,Obat Blanditiis,Metformin 721mg,Bebas,Analgesik,91155,tablet
OBT00388,Obat Dolore,Paracetamol 896mg,Narkotika,Antihistamin,11805,sirup
OBT00389,Obat Alias,Ibuprofen 418mg,Bebas,Antidiabetik,79522,botol
OBT00390,Obat Fuga,Paracetamol 692mg,Narkotika,Analgesik,183601,kapsul
OBT00391,Obat Natus,Paracetamol 419mg,Bebas Terbatas,Antidiabetik,183425,botol
OBT00392,Obat Eligendi,Metformin 793mg,Bebas Terbatas,Antibiotik,36979,botol
OBT00393,Obat Veniam,Cetirizine 506mg,Bebas,Antihistamin,108329,tablet
OBT00394,Obat Iusto,Ibuprofen 177mg,Bebas,Antidiabetik,102926,sirup
OBT00395,Obat A,Metformin 807mg,Bebas,Antihistamin,159753,botol
OBT00396,Obat Fugiat,Ibuprofen 204mg,Keras,Antibiotik,32805,botol
OBT00397,Obat Libero,Amoxicillin 970mg,Keras,Vitamin,89813,tablet
OBT00398,Obat Dolorum,Metformin 924mg,Narkotika,Antihistamin,45311,botol
OBT00399,Obat Optio,Paracetamol 915mg,Keras,Antibiotik,12569,sirup
OBT00400,Obat Blanditiis,Metformin 901mg,Narkotika,Analgesik,26250,kapsul
OBT00401,Obat Recusandae,Paracetamol 455mg,Narkotika,Antihistamin,125647,kapsul
OBT00402,Obat Quaerat,Metformin 538mg,Narkotika,Analgesik,190521,tablet
OBT00403,Obat Corporis,Amoxicillin 170mg,Bebas,Antibiotik,177894,kapsul
OBT00404,Obat Dicta,Metformin 763mg,Bebas Terbatas,Analgesik,130791,botol
OBT00405,Obat Nesciunt,Amoxicillin 112mg,Keras,Antidiabetik,124027,tablet
OBT00406,Obat Ducimus,Cetirizine 942mg,Narkotika,Vitamin,169719,sirup
OBT00407,Obat Odio,Cetirizine 208mg,Bebas Terbatas,Analgesik,75600,botol
OBT00408,Obat Numquam,Cetirizine 470mg,Narkotika,Antidiabetik,160767,kapsul
OBT00409,Obat Deserunt,Cetirizine 824mg,Bebas,Vitamin,177492,botol
OBT00410,Obat Officiis,Ibuprofen 545mg,Narkotika,Antibiotik,6521,tablet
OBT00411,Obat Autem,Ibuprofen 851mg,Keras,Antibiotik,91357,botol
OBT00412,Obat Tempora,Metformin 766mg,Bebas Terbatas,Antihistamin,16494,kapsul
OBT00413,Obat Vero,Amoxicillin 730mg,Bebas,Antidiabetik,177011,kapsul
OBT00414,Obat Quae,Metformin 893mg,Narkotika,Vitamin,168149,kapsul
OBT00415,Obat Nam,Cetirizine 576mg,Keras,Antihistamin,123777,kapsul
OBT00416,Obat Alias,Cetirizine 945mg,Keras,Antihistamin,90174,tablet
OBT00417,Obat Qui,Metformin 374mg,Bebas,Antibiotik,196770,tablet
OBT00418,Obat Atque,Amoxicillin 972mg,Keras,Analgesik,197497,botol
OBT00419,Obat Tempora,Ibuprofen 950mg,Keras,Vitamin,154201,tablet
OBT00420,Obat Accusamus,Paracetamol 385mg,Keras,Antibiotik,38900,kapsul
OBT00421,Obat Qui,Cetirizine 349mg,Keras,Antibiotik,60408,sirup
OBT00422,Obat Asperiores,Cetirizine 683mg,Narkotika,Analgesik,17761,botol
OBT00423,Obat Voluptatibus,Metformin 784mg,Bebas,Antidiabetik,173727,sirup
OBT00424,Obat Dignissimos,Cetirizine 444mg,Bebas Terbatas,Antidiabetik,79174,kapsul
OBT00425,Obat Amet,Paracetamol 606mg,Bebas Terbatas,Vitamin,89717,sirup
OBT00426,Obat Perspiciatis,Amoxicillin 286mg,Keras,Analgesik,19558,botol
OBT00427,Obat Atque,Cetirizine 317mg,Narkotika,Analgesik,199982,tablet
OBT00428,Obat Consequuntur,Amoxicillin 916mg,Keras,Antihistamin,23539,kapsul
OBT00429,Obat Quaerat,Amoxicillin 448mg,Keras,Analgesik,148433,botol
OBT00430,Obat Exercitationem,Amoxicillin 710mg,Narkotika,Vitamin,162887,tablet
OBT00431,Obat Asperiores,Amoxicillin 669mg,Bebas,Analgesik,104979,sirup
OBT00432,Obat Quis,Paracetamol 629mg,Bebas Terbatas,Antihistamin,29261,kapsul
OBT00433,Obat Unde,Ibuprofen 187mg,Narkotika,Antidiabetik,109558,tablet
OBT00434,Obat Illo,Ibuprofen 837mg,Bebas Terbatas,Analgesik,71889,sirup
OBT00435,Obat Officiis,Cetirizine 600mg,Narkotika,Analgesik,51664,botol
OBT00436,Obat Eveniet,Metformin 876mg,Narkotika,Vitamin,67935,botol
OBT00437,Obat Cum,Ibuprofen 807mg,Keras,Antihistamin,109573,botol
OBT00438,Obat Porro,Cetirizine 761mg,Bebas,Analgesik,28380,kapsul
OBT00439,Obat Commodi,Cetirizine 558mg,Bebas Terbatas,Vitamin,10377,kapsul
OBT00440,Obat Magni,Paracetamol 195mg,Bebas,Antihistamin,59584,sirup
OBT00441,Obat Dignissimos,Amoxicillin 326mg,Keras,Antibiotik,47713,tablet
OBT00442,Obat Odit,Cetirizine 808mg,Narkotika,Antihistamin,106843,sirup
OBT00443,Obat Possimus,Ibuprofen 413mg,Bebas Terbatas,Antibiotik,110485,tablet
OBT00444,Obat Praesentium,Metformin 477mg,Bebas,Antibiotik,79694,tablet
OBT00445,Obat Autem,Cetirizine 666mg,Bebas Terbatas,Antihistamin,174651,tablet
OBT00446,Obat Ratione,Metformin 452mg,Bebas Terbatas,Antihistamin,176459,sirup
OBT00447,Obat Quam,Cetirizine 863mg,Bebas Terbatas,Vitamin,45405,kapsul
OBT00448,Obat Optio,Metformin 438mg,Bebas,Antihistamin,36615,tablet
OBT00449,Obat Provident,Amoxicillin 819mg,Bebas Terbatas,Antidiabetik,83262,sirup
OBT00450,Obat Hic,Cetirizine 377mg,Bebas,Analgesik,133672,kapsul
OBT00451,Obat Itaque,Amoxicillin 357mg,Narkotika,Antihistamin,118340,sirup
OBT00452,Obat Aspernatur,Ibuprofen 223mg,Bebas,Antibiotik,197908,botol
OBT00453,Obat Nobis,Ibuprofen 423mg,Keras,Antibiotik,86291,tablet
OBT00454,Obat Minus,Paracetamol 860mg,Bebas Terbatas,Antihistamin,184558,sirup
OBT00455,Obat Illo,Metformin 880mg,Keras,Analgesik,163207,tablet
OBT00456,Obat Dolore,Ibuprofen 296mg,Keras,Analgesik,39416,kapsul
OBT00457,Obat Sit,Ibuprofen 856mg,Narkotika,Vitamin,99121,botol
OBT00458,Obat Quas,Cetirizine 383mg,Narkotika,Vitamin,179462,botol
OBT00459,Obat Unde,Metformin 878mg,Bebas,Vitamin,30195,sirup
OBT00460,Obat Aut,Metformin 711mg,Bebas,Analgesik,101326,sirup
OBT00461,Obat Nihil,Amoxicillin 202mg,Bebas Terbatas,Antibiotik,139388,kapsul
OBT00462,Obat Optio,Ibuprofen 403mg,Keras,Vitamin,57395,kapsul
OBT00463,Obat Quibusdam,Ibuprofen 469mg,Narkotika,Antihistamin,133351,tablet
OBT00464,Obat Eius,Ibuprofen 409mg,Narkotika,Vitamin,121770,botol
OBT00465,Obat Ipsam,Paracetamol 825mg,Bebas Terbatas,Antihistamin,106735,tablet
OBT00466,Obat Deleniti,Metformin 229mg,Narkotika,Antihistamin,129895,botol
OBT00467,Obat Eligendi,Amoxicillin 146mg,Keras,Antibiotik,75380,sirup
OBT00468,Obat Veniam,Paracetamol 666mg,Keras,Antihistamin,152602,kapsul
OBT00469,Obat Quasi,Amoxicillin 814mg,Bebas Terbatas,Vitamin,162375,sirup
OBT00470,Obat Necessitatibus,Ibuprofen 753mg,Keras,Antibiotik,115905,kapsul
OBT00471,Obat Dignissimos,Cetirizine 205mg,Bebas,Antibiotik,28651,botol
OBT00472,Obat Eos,Paracetamol 687mg,Keras,Analgesik,115765,botol
OBT00473,Obat Aut,Amoxicillin 580mg,Bebas,Antihistamin,101530,kapsul
OBT00474,Obat Reprehenderit,Cetirizine 551mg,Narkotika,Vitamin,165921,sirup
OBT00475,Obat Fuga,Amoxicillin 288mg,Bebas,Antihistamin,53852,kapsul
OBT00476,Obat Itaque,Paracetamol 358mg,Bebas Terbatas,Vitamin,118798,tablet
OBT00477,Obat Unde,Cetirizine 216mg,Bebas Terbatas,Antidiabetik,170330,sirup
OBT00478,Obat Illo,Paracetamol 510mg,Bebas Terbatas,Analgesik,116677,sirup
OBT00479,Obat Voluptate,Cetirizine 175mg,Bebas Terbatas,Antibiotik,29365,tablet
OBT00480,Obat Deserunt,Metformin 744mg,Bebas Terbatas,Analgesik,15600,sirup
OBT00481,Obat Eaque,Paracetamol 255mg,Keras,Antidiabetik,139569,botol
OBT00482,Obat Sequi,Ibuprofen 930mg,Narkotika,Analgesik,94586,kapsul
OBT00483,Obat Reiciendis,Metformin 411mg,Bebas,Analgesik,126510,botol
OBT00484,Obat Quam,Paracetamol 354mg,Bebas,Antidiabetik,182324,sirup
OBT00485,Obat Harum,Paracetamol 671mg,Narkotika,Analgesik,63780,botol
OBT00486,Obat Autem,Cetirizine 720mg,Bebas Terbatas,Analgesik,174767,tablet
OBT00487,Obat Illo,Metformin 909mg,Bebas Terbatas,Antidiabetik,184892,sirup
OBT00488,Obat Repellat,Metformin 331mg,Bebas,Antidiabetik,192075,kapsul
OBT00489,Obat Tenetur,Metformin 489mg,Bebas Terbatas,Antibiotik,45650,kapsul
OBT00490,Obat Dolorem,Cetirizine 553mg,Keras,Vitamin,134845,kapsul
OBT00491,Obat Laborum,Amoxicillin 980mg,Keras,Vitamin,143222,tablet
OBT00492,Obat Minima,Metformin 539mg,Keras,Antidiabetik,170035,kapsul
OBT00493,Obat Eveniet,Amoxicillin 682mg,Narkotika,Vitamin,174666,botol
OBT00494,Obat Totam,Metformin 161mg,Narkotika,Antihistamin,142541,botol
OBT00495,Obat A,Metformin 857mg,Keras,Antihistamin,27012,sirup
OBT00496,Obat Cum,Paracetamol 881mg,Narkotika,Antihistamin,81206,kapsul
OBT00497,Obat Sequi,Ibuprofen 740mg,Keras,Antibiotik,127740,tablet
OBT00498,Obat Quae,Ibuprofen 370mg,Bebas Terbatas,Vitamin,119650,botol
OBT00499,Obat Ipsum,Paracetamol 260mg,Narkotika,Analgesik,25757,sirup
OBT00500,Obat Eos,Ibuprofen 277mg,Keras,Antidiabetik,130202,botol
OBT00501,Obat Adipisci,Metformin 176mg,Narkotika,Vitamin,83746,botol
OBT00502,Obat Culpa,Ibuprofen 102mg,Bebas,Antibiotik,43956,sirup
OBT00503,Obat Sequi,Cetirizine 561mg,Bebas,Analgesik,38499,botol
OBT00504,Obat Saepe,Metformin 581mg,Keras,Antidiabetik,184388,botol
OBT00505,Obat Ab,Amoxicillin 133mg,Keras,Analgesik,83750,tablet
OBT00506,Obat Modi,Ibuprofen 395mg,Keras,Antidiabetik,70183,sirup
OBT00507,Obat Officiis,Amoxicillin 819mg,Bebas,Antihistamin,142125,sirup
OBT00508,Obat Ipsam,Cetirizine 172mg,Narkotika,Antidiabetik,117127,kapsul
OBT00509,Obat Nobis,Ibuprofen 370mg,Bebas,Antidiabetik,82458,botol
OBT00510,Obat Dolore,Metformin 777mg,Keras,Antibiotik,154038,tablet
OBT00511,Obat Neque,Ibuprofen 535mg,Keras,Antibiotik,17511,kapsul
OBT00512,Obat Quibusdam,Paracetamol 657mg,Keras,Antibiotik,149439,sirup
OBT00513,Obat Mollitia,Ibuprofen 763mg,Keras,Vitamin,25062,tablet
OBT00514,Obat Velit,Ibuprofen 372mg,Keras,Antihistamin,16821,sirup
OBT00515,Obat Numquam,Ibuprofen 173mg,Keras,Antihistamin,139588,botol
OBT00516,Obat Saepe,Paracetamol 269mg,Bebas Terbatas,Antidiabetik,33215,kapsul
OBT00517,Obat Magni,Amoxicillin 709mg,Bebas Terbatas,Antibiotik,138864,kapsul
OBT00518,Obat Ab,Metformin 395mg,Bebas Terbatas,Antihistamin,116388,botol
OBT00519,Obat Vitae,Cetirizine 227mg,Bebas,Antihistamin,113270,botol
OBT00520,Obat Enim,Cetirizine 805mg,Narkotika,Antidiabetik,29768,sirup
OBT00521,Obat Id,Amoxicillin 816mg,Keras,Antidiabetik,126806,kapsul
OBT00522,Obat Ipsa,Cetirizine 378mg,Bebas Terbatas,Analgesik,178239,kapsul
OBT00523,Obat Id,Metformin 652mg,Bebas,Analgesik,193824,kapsul
OBT00524,Obat Explicabo,Cetirizine 548mg,Narkotika,Antidiabetik,154023,kapsul
OBT00525,Obat Veritatis,Paracetamol 712mg,Keras,Analgesik,71422,tablet
OBT00526,Obat Corporis,Paracetamol 542mg,Keras,Antihistamin,98181,sirup
OBT00527,Obat Soluta,Amoxicillin 718mg,Narkotika,Antidiabetik,71810,tablet
OBT00528,Obat Necessitatibus,Amoxicillin 126mg,Narkotika,Antidiabetik,158503,kapsul
OBT00529,Obat Non,Paracetamol 334mg,Narkotika,Antibiotik,26435,botol
OBT00530,Obat Laudantium,Metformin 701mg,Bebas,Antihistamin,136974,botol
OBT00531,Obat Natus,Paracetamol 883mg,Bebas Terbatas,Antihistamin,9264,kapsul
OBT00532,Obat Nulla,Amoxicillin 690mg,Keras,Vitamin,34867,tablet
OBT00533,Obat Vel,Paracetamol 881mg,Bebas Terbatas,Vitamin,199121,tablet
OBT00534,Obat Ab,Ibuprofen 581mg,Narkotika,Antibiotik,178428,sirup
OBT00535,Obat Dolorem,Metformin 767mg,Keras,Vitamin,126340,botol
OBT00536,Obat Quidem,Cetirizine 384mg,Keras,Analgesik,52068,kapsul
OBT00537,Obat In,Ibuprofen 699mg,Bebas Terbatas,Antidiabetik,52764,tablet
OBT00538,Obat Ab,Cetirizine 750mg,Bebas Terbatas,Analgesik,108011,tablet
OBT00539,Obat Excepturi,Cetirizine 193mg,Keras,Antihistamin,16864,sirup
OBT00540,Obat Sapiente,Cetirizine 456mg,Bebas,Vitamin,26834,botol
OBT00541,Obat Error,Cetirizine 441mg,Narkotika,Analgesik,114117,kapsul
OBT00542,Obat Perferendis,Amoxicillin 786mg,Bebas Terbatas,Antihistamin,189648,botol
OBT00543,Obat Praesentium,Paracetamol 978mg,Keras,Vitamin,83026,kapsul
OBT00544,Obat Vero,Ibuprofen 437mg,Bebas Terbatas,Antidiabetik,87299,tablet
OBT00545,Obat Suscipit,Cetirizine 810mg,Keras,Antidiabetik,158933,tablet
OBT00546,Obat Dolor,Cetirizine 395mg,Bebas,Vitamin,194817,kapsul
OBT00547,Obat Sunt,Cetirizine 933mg,Bebas Terbatas,Antidiabetik,124275,botol
OBT00548,Obat Sapiente,Metformin 137mg,Keras,Antibiotik,180704,botol
OBT00549,Obat Recusandae,Cetirizine 190mg,Bebas Terbatas,Vitamin,122951,sirup
OBT00550,Obat In,Amoxicillin 358mg,Keras,Antibiotik,168528,kapsul
OBT00551,Obat Iste,Amoxicillin 218mg,Narkotika,Vitamin,74487,botol
OBT00552,Obat Dolorem,Cetirizine 985mg,Keras,Antibiotik,94478,tablet
OBT00553,Obat Libero,Metformin 944mg,Keras,Antidiabetik,54071,botol
OBT00554,Obat Nisi,Paracetamol 773mg,Keras,Antidiabetik,60330,botol
OBT00555,Obat Blanditiis,Metformin 573mg,Keras,Analgesik,53519,sirup
OBT00556,Obat Distinctio,Cetirizine 155mg,Narkotika,Antihistamin,25505,botol
OBT00557,Obat Provident,Ibuprofen 630mg,Bebas,Antibiotik,163348,sirup
OBT00558,Obat Voluptas,Amoxicillin 737mg,Narkotika,Vitamin,72978,tablet
OBT00559,Obat Numquam,Cetirizine 740mg,Bebas,Antidiabetik,181530,tablet
OBT00560,Obat Laborum,Cetirizine 878mg,Bebas,Antidiabetik,32873,tablet
OBT00561,Obat Exercitationem,Paracetamol 308mg,Narkotika,Vitamin,118717,tablet
OBT00562,Obat Similique,Amoxicillin 662mg,Bebas Terbatas,Antihistamin,145083,tablet
OBT00563,Obat Eligendi,Ibuprofen 394mg,Bebas,Vitamin,9696,botol
OBT00564,Obat Dolore,Cetirizine 815mg,Narkotika,Antibiotik,6532,kapsul
OBT00565,Obat Saepe,Cetirizine 224mg,Keras,Antibiotik,108529,tablet
OBT00566,Obat Ex,Paracetamol 745mg,Narkotika,Analgesik,35586,botol
OBT00567,Obat Beatae,Metformin 918mg,Bebas,Vitamin,8487,sirup
OBT00568,Obat Eaque,Ibuprofen 826mg,Bebas Terbatas,Antidiabetik,50019,tablet
OBT00569,Obat Excepturi,Ibuprofen 418mg,Bebas Terbatas,Analgesik,176914,kapsul
OBT00570,Obat Voluptate,Metformin 114mg,Bebas Terbatas,Vitamin,130074,botol
OBT00571,Obat Magni,Metformin 517mg,Keras,Vitamin,125628,botol
OBT00572,Obat Animi,Paracetamol 330mg,Narkotika,Antidiabetik,186352,botol
OBT00573,Obat Assumenda,Paracetamol 572mg,Narkotika,Antihistamin,111192,sirup
OBT00574,Obat Impedit,Paracetamol 763mg,Bebas Terbatas,Vitamin,177416,kapsul
OBT00575,Obat Excepturi,Ibuprofen 610mg,Keras,Analgesik,162781,tablet
OBT00576,Obat Adipisci,Amoxicillin 621mg,Bebas Terbatas,Antidiabetik,195293,sirup
OBT00577,Obat Officia,Amoxicillin 525mg,Bebas,Antibiotik,132591,tablet
OBT00578,Obat Asperiores,Cetirizine 583mg,Narkotika,Antihistamin,84377,kapsul
OBT00579,Obat Debitis,Ibuprofen 567mg,Keras,Antidiabetik,167135,botol
OBT00580,Obat Labore,Metformin 248mg,Bebas Terbatas,Analgesik,166675,tablet
OBT00581,Obat Explicabo,Cetirizine 295mg,Keras,Vitamin,99562,botol
OBT00582,Obat Quas,Metformin 620mg,Bebas,Analgesik,186052,botol
OBT00583,Obat Dolores,Ibuprofen 984mg,Bebas,Vitamin,181633,tablet
OBT00584,Obat Odit,Paracetamol 382mg,Narkotika,Antidiabetik,185956,tablet
OBT00585,Obat Tempora,Cetirizine 448mg,Keras,Antihistamin,181974,kapsul
OBT00586,Obat Est,Metformin 373mg,Bebas Terbatas,Antidiabetik,108546,tablet
OBT00587,Obat Ad,Paracetamol 389mg,Bebas Terbatas,Analgesik,84339,kapsul
OBT00588,Obat Vitae,Amoxicillin 957mg,Bebas Terbatas,Analgesik,27973,kapsul
OBT00589,Obat Ducimus,Metformin 693mg,Narkotika,Antibiotik,37791,tablet
OBT00590,Obat Distinctio,Cetirizine 986mg,Bebas,Antibiotik,40419,botol
OBT00591,Obat Dolore,Ibuprofen 557mg,Bebas Terbatas,Vitamin,8637,sirup
OBT00592,Obat A,Metformin 595mg,Narkotika,Analgesik,55017,tablet
OBT00593,Obat Ratione,Amoxicillin 440mg,Narkotika,Antibiotik,34337,tablet
OBT00594,Obat Ratione,Metformin 881mg,Narkotika,Antibiotik,9164,kapsul
OBT00595,Obat Eligendi,Metformin 486mg,Narkotika,Antidiabetik,187460,kapsul
OBT00596,Obat Magni,Cetirizine 429mg,Narkotika,Vitamin,54341,kapsul
OBT00597,Obat Occaecati,Ibuprofen 814mg,Narkotika,Antihistamin,12029,tablet
OBT00598,Obat Pariatur,Ibuprofen 685mg,Bebas,Antidiabetik,59848,sirup
OBT00599,Obat Possimus,Cetirizine 339mg,Bebas,Vitamin,131121,tablet
OBT00600,Obat Doloribus,Cetirizine 144mg,Bebas Terbatas,Vitamin,175032,tablet
OBT00601,Obat Alias,Amoxicillin 862mg,Keras,Antidiabetik,43051,tablet
OBT00602,Obat Omnis,Cetirizine 822mg,Bebas,Antibiotik,175325,sirup
OBT00603,Obat Sint,Cetirizine 495mg,Keras,Antibiotik,68381,sirup
OBT00604,Obat Neque,Ibuprofen 607mg,Bebas Terbatas,Antihistamin,119239,kapsul
OBT00605,Obat Facere,Paracetamol 229mg,Bebas,Antihistamin,169117,botol
OBT00606,Obat Vel,Metformin 704mg,Bebas,Vitamin,146186,tablet
OBT00607,Obat Dolorem,Amoxicillin 990mg,Bebas Terbatas,Antihistamin,55047,kapsul
OBT00608,Obat Pariatur,Paracetamol 995mg,Bebas Terbatas,Antidiabetik,27568,sirup
OBT00609,Obat Suscipit,Cetirizine 202mg,Keras,Antihistamin,83883,tablet
OBT00610,Obat Doloribus,Metformin 567mg,Keras,Analgesik,126484,sirup
OBT00611,Obat Assumenda,Paracetamol 839mg,Bebas Terbatas,Vitamin,43840,botol
OBT00612,Obat Aperiam,Ibuprofen 519mg,Bebas,Analgesik,129253,kapsul
OBT00613,Obat Sit,Ibuprofen 176mg,Narkotika,Vitamin,115593,botol
OBT00614,Obat Quas,Cetirizine 900mg,Keras,Vitamin,10719,sirup
OBT00615,Obat Excepturi,Amoxicillin 446mg,Bebas Terbatas,Antidiabetik,35528,sirup
OBT00616,Obat Consequuntur,Metformin 809mg,Bebas,Antibiotik,48543,kapsul
OBT00617,Obat Molestiae,Cetirizine 765mg,Bebas,Antihistamin,44956,tablet
OBT00618,Obat Corrupti,Paracetamol 972mg,Keras,Analgesik,198667,tablet
OBT00619,Obat Vitae,Amoxicillin 972mg,Keras,Antihistamin,189181,kapsul
OBT00620,Obat Corporis,Metformin 489mg,Narkotika,Vitamin,121723,tablet
OBT00621,Obat Sapiente,Amoxicillin 741mg,Keras,Analgesik,132152,kapsul
OBT00622,Obat Maxime,Cetirizine 993mg,Narkotika,Analgesik,128598,kapsul
OBT00623,Obat Facere,Metformin 136mg,Bebas Terbatas,Vitamin,10145,sirup
OBT00624,Obat Quos,Metformin 170mg,Keras,Antihistamin,122837,kapsul
OBT00625,Obat Nesciunt,Ibuprofen 746mg,Narkotika,Analgesik,158413,kapsul
OBT00626,Obat Ratione,Amoxicillin 332mg,Keras,Antihistamin,68603,kapsul
OBT00627,Obat Cumque,Paracetamol 544mg,Bebas Terbatas,Analgesik,57779,sirup
OBT00628,Obat Voluptatum,Paracetamol 878mg,Bebas Terbatas,Antibiotik,82288,sirup
OBT00629,Obat Facilis,Paracetamol 554mg,Narkotika,Antidiabetik,154272,kapsul
OBT00630,Obat Eaque,Ibuprofen 810mg,Bebas,Vitamin,107690,botol
OBT00631,Obat Tenetur,Amoxicillin 129mg,Bebas Terbatas,Antidiabetik,18348,tablet
OBT00632,Obat Quam,Paracetamol 432mg,Bebas Terbatas,Antihistamin,92516,sirup
OBT00633,Obat Nulla,Paracetamol 400mg,Bebas Terbatas,Antidiabetik,7064,sirup
OBT00634,Obat Cumque,Amoxicillin 483mg,Bebas Terbatas,Antidiabetik,31912,botol
OBT00635,Obat Facere,Cetirizine 249mg,Bebas,Antidiabetik,170258,kapsul
OBT00636,Obat Cupiditate,Ibuprofen 643mg,Bebas Terbatas,Antidiabetik,191933,botol
OBT00637,Obat Placeat,Cetirizine 679mg,Bebas,Vitamin,118190,botol
OBT00638,Obat Quo,Ibuprofen 274mg,Keras,Antibiotik,113969,tablet
OBT00639,Obat Non,Ibuprofen 180mg,Bebas,Antibiotik,134945,sirup
OBT00640,Obat Minima,Metformin 991mg,Narkotika,Antidiabetik,198220,botol
OBT00641,Obat Nesciunt,Cetirizine 734mg,Keras,Antibiotik,156692,kapsul
OBT00642,Obat Placeat,Ibuprofen 609mg,Bebas,Antibiotik,161195,kapsul
OBT00643,Obat Optio,Metformin 246mg,Bebas,Vitamin,196647,tablet
OBT00644,Obat Porro,Ibuprofen 572mg,Bebas,Antidiabetik,150307,sirup
OBT00645,Obat Modi,Amoxicillin 570mg,Bebas,Antihistamin,81224,kapsul
OBT00646,Obat Cupiditate,Amoxicillin 782mg,Bebas,Antidiabetik,14703,sirup
OBT00647,Obat Magni,Paracetamol 923mg,Bebas,Antibiotik,132794,kapsul
OBT00648,Obat Laborum,Cetirizine 394mg,Narkotika,Antihistamin,109773,botol
OBT00649,Obat Animi,Metformin 261mg,Narkotika,Antibiotik,132428,kapsul
OBT00650,Obat Voluptatibus,Paracetamol 552mg,Narkotika,Antibiotik,139573,sirup
OBT00651,Obat Similique,Amoxicillin 701mg,Bebas,Analgesik,159937,botol
OBT00652,Obat Quidem,Amoxicillin 754mg,Keras,Analgesik,194953,botol
OBT00653,Obat Ex,Cetirizine 806mg,Narkotika,Analgesik,165299,tablet
OBT00654,Obat Officia,Amoxicillin 567mg,Bebas Terbatas,Antibiotik,182908,kapsul
OBT00655,Obat Tempore,Amoxicillin 303mg,Bebas Terbatas,Antidiabetik,132900,tablet
OBT00656,Obat Laboriosam,Cetirizine 973mg,Bebas,Antidiabetik,65792,sirup
OBT00657,Obat Iure,Cetirizine 209mg,Keras,Antibiotik,192246,tablet
OBT00658,Obat Blanditiis,Ibuprofen 490mg,Narkotika,Analgesik,20913,tablet
OBT00659,Obat Quisquam,Metformin 467mg,Bebas,Antibiotik,143492,botol
OBT00660,Obat Magnam,Metformin 402mg,Keras,Antidiabetik,9985,tablet
OBT00661,Obat Ducimus,Amoxicillin 122mg,Bebas Terbatas,Antidiabetik,115625,sirup
OBT00662,Obat Sunt,Cetirizine 381mg,Narkotika,Vitamin,156100,tablet
OBT00663,Obat Cumque,Paracetamol 679mg,Bebas,Antidiabetik,87798,sirup
OBT00664,Obat Eligendi,Paracetamol 720mg,Bebas,Vitamin,150032,sirup
OBT00665,Obat Minima,Cetirizine 952mg,Keras,Antibiotik,21648,sirup
OBT00666,Obat Similique,Amoxicillin 894mg,Bebas,Antidiabetik,75214,kapsul
OBT00667,Obat Et,Ibuprofen 721mg,Bebas,Vitamin,174948,kapsul
OBT00668,Obat Ab,Amoxicillin 324mg,Narkotika,Antidiabetik,114350,sirup
OBT00669,Obat Commodi,Ibuprofen 735mg,Bebas Terbatas,Vitamin,129082,tablet
OBT00670,Obat Sapiente,Amoxicillin 794mg,Bebas Terbatas,Antidiabetik,35655,tablet
OBT00671,Obat Tempora,Ibuprofen 743mg,Keras,Antidiabetik,134705,botol
OBT00672,Obat Et,Paracetamol 742mg,Bebas Terbatas,Antihistamin,168236,kapsul
OBT00673,Obat Quibusdam,Paracetamol 416mg,Keras,Antibiotik,174392,botol
OBT00674,Obat Magnam,Cetirizine 134mg,Narkotika,Antibiotik,95902,tablet
OBT00675,Obat Minus,Metformin 473mg,Keras,Antidiabetik,122525,tablet
OBT00676,Obat Quam,Ibuprofen 192mg,Bebas Terbatas,Vitamin,187849,kapsul
OBT00677,Obat Repellat,Amoxicillin 434mg,Bebas,Analgesik,119355,sirup
OBT00678,Obat Ipsa,Cetirizine 279mg,Narkotika,Vitamin,10454,botol
OBT00679,Obat Atque,Ibuprofen 235mg,Bebas Terbatas,Antidiabetik,47292,tablet
OBT00680,Obat Voluptates,Metformin 997mg,Narkotika,Antibiotik,80500,sirup
OBT00681,Obat Non,Amoxicillin 643mg,Keras,Vitamin,195371,sirup
OBT00682,Obat Modi,Metformin 379mg,Bebas Terbatas,Antihistamin,55384,sirup
OBT00683,Obat Sapiente,Ibuprofen 363mg,Bebas,Antidiabetik,128008,tablet
OBT00684,Obat Minima,Cetirizine 925mg,Bebas,Vitamin,95137,tablet
OBT00685,Obat Quidem,Amoxicillin 864mg,Bebas,Vitamin,119848,kapsul
OBT00686,Obat Sunt,Amoxicillin 923mg,Bebas,Antihistamin,65844,sirup
OBT00687,Obat Cupiditate,Paracetamol 579mg,Narkotika,Analgesik,138073,botol
OBT00688,Obat Earum,Paracetamol 244mg,Bebas Terbatas,Analgesik,62593,kapsul
OBT00689,Obat Culpa,Ibuprofen 980mg,Bebas,Vitamin,159051,sirup
OBT00690,Obat Quas,Cetirizine 966mg,Bebas,Antidiabetik,184561,botol
OBT00691,Obat Eaque,Metformin 474mg,Bebas,Antihistamin,93906,botol
OBT00692,Obat Illo,Paracetamol 909mg,Keras,Analgesik,162836,kapsul
OBT00693,Obat Iusto,Cetirizine 114mg,Bebas Terbatas,Vitamin,192485,sirup
OBT00694,Obat Iusto,Amoxicillin 649mg,Narkotika,Antidiabetik,177217,tablet
OBT00695,Obat Adipisci,Paracetamol 565mg,Keras,Analgesik,127805,kapsul
OBT00696,Obat Architecto,Amoxicillin 788mg,Keras,Antibiotik,39382,kapsul
OBT00697,Obat Perferendis,Amoxicillin 698mg,Narkotika,Vitamin,81911,kapsul
OBT00698,Obat Atque,Cetirizine 942mg,Bebas,Antihistamin,194528,botol
OBT00699,Obat Voluptas,Amoxicillin 210mg,Bebas,Antidiabetik,191485,sirup
OBT00700,Obat Nostrum,Ibuprofen 582mg,Bebas Terbatas,Vitamin,107333,tablet
OBT00701,Obat Nesciunt,Paracetamol 734mg,Bebas,Analgesik,114277,sirup
OBT00702,Obat Delectus,Metformin 435mg,Keras,Vitamin,181451,kapsul
OBT00703,Obat Ad,Metformin 326mg,Keras,Vitamin,176049,botol
OBT00704,Obat Neque,Paracetamol 750mg,Keras,Analgesik,197566,botol
OBT00705,Obat Quis,Cetirizine 817mg,Narkotika,Antibiotik,99438,kapsul
OBT00706,Obat Voluptatem,Amoxicillin 764mg,Bebas,Antidiabetik,128817,botol
OBT00707,Obat Praesentium,Cetirizine 219mg,Bebas,Analgesik,47474,sirup
OBT00708,Obat Molestiae,Ibuprofen 146mg,Bebas,Vitamin,168012,botol
OBT00709,Obat Temporibus,Paracetamol 411mg,Bebas,Vitamin,59318,sirup
OBT00710,Obat Recusandae,Cetirizine 218mg,Bebas Terbatas,Antihistamin,79044,sirup
OBT00711,Obat Doloribus,Paracetamol 340mg,Bebas Terbatas,Vitamin,186062,botol
OBT00712,Obat Adipisci,Metformin 238mg,Keras,Analgesik,27594,kapsul
OBT00713,Obat Reiciendis,Cetirizine 564mg,Keras,Antihistamin,179864,sirup
OBT00714,Obat Corrupti,Amoxicillin 786mg,Narkotika,Vitamin,131586,tablet
OBT00715,Obat Voluptatibus,Metformin 529mg,Keras,Analgesik,38841,sirup
OBT00716,Obat Quo,Metformin 860mg,Bebas,Antidiabetik,50427,botol
OBT00717,Obat Ratione,Ibuprofen 524mg,Keras,Antidiabetik,57293,sirup
OBT00718,Obat Id,Paracetamol 953mg,Keras,Vitamin,45976,tablet
OBT00719,Obat Facilis,Cetirizine 730mg,Bebas Terbatas,Antidiabetik,163793,tablet
OBT00720,Obat Expedita,Cetirizine 386mg,Bebas,Vitamin,134023,tablet
OBT00721,Obat Quae,Paracetamol 806mg,Narkotika,Antihistamin,31451,kapsul
OBT00722,Obat Rerum,Amoxicillin 322mg,Narkotika,Antidiabetik,114047,tablet
OBT00723,Obat Saepe,Cetirizine 555mg,Narkotika,Antihistamin,134427,kapsul
OBT00724,Obat Odit,Ibuprofen 975mg,Keras,Antihistamin,84600,tablet
OBT00725,Obat Unde,Amoxicillin 201mg,Narkotika,Antihistamin,66530,tablet
OBT00726,Obat Autem,Amoxicillin 657mg,Narkotika,Antibiotik,59901,sirup
OBT00727,Obat Eveniet,Amoxicillin 162mg,Narkotika,Analgesik,150969,botol
OBT00728,Obat Provident,Cetirizine 382mg,Bebas Terbatas,Vitamin,17333,tablet
OBT00729,Obat Inventore,Ibuprofen 225mg,Bebas,Antihistamin,9752,botol
OBT00730,Obat Sequi,Cetirizine 193mg,Bebas Terbatas,Vitamin,99053,kapsul
OBT00731,Obat Odio,Ibuprofen 757mg,Bebas,Antihistamin,73369,botol
OBT00732,Obat Aperiam,Metformin 121mg,Bebas Terbatas,Analgesik,98596,botol
OBT00733,Obat Dicta,Paracetamol 905mg,Bebas,Antidiabetik,182452,tablet
OBT00734,Obat Quia,Amoxicillin 349mg,Narkotika,Vitamin,46577,botol
OBT00735,Obat Voluptas,Ibuprofen 905mg,Narkotika,Antibiotik,50800,tablet
OBT00736,Obat Excepturi,Metformin 310mg,Narkotika,Vitamin,136983,kapsul
OBT00737,Obat Iste,Paracetamol 949mg,Bebas Terbatas,Analgesik,13380,tablet
OBT00738,Obat Molestias,Metformin 312mg,Narkotika,Antihistamin,21689,botol
OBT00739,Obat Maxime,Metformin 321mg,Keras,Vitamin,93535,sirup
OBT00740,Obat Quo,Ibuprofen 436mg,Bebas,Analgesik,117884,kapsul
OBT00741,Obat Sint,Ibuprofen 907mg,Bebas Terbatas,Antihistamin,34876,tablet
OBT00742,Obat Sint,Metformin 102mg,Narkotika,Antidiabetik,166890,botol
OBT00743,Obat Dolorem,Amoxicillin 979mg,Narkotika,Analgesik,64425,kapsul
OBT00744,Obat Labore,Ibuprofen 233mg,Bebas,Antibiotik,36637,kapsul
OBT00745,Obat Facilis,Metformin 356mg,Narkotika,Vitamin,152320,kapsul
OBT00746,Obat Temporibus,Ibuprofen 212mg,Narkotika,Analgesik,63745,tablet
OBT00747,Obat Beatae,Paracetamol 234mg,Bebas,Antihistamin,132497,sirup
OBT00748,Obat Omnis,Paracetamol 466mg,Bebas,Antihistamin,72586,kapsul
OBT00749,Obat Nobis,Ibuprofen 702mg,Keras,Antibiotik,94213,sirup
OBT00750,Obat Deserunt,Amoxicillin 116mg,Keras,Vitamin,98124,tablet
OBT00751,Obat Illum,Ibuprofen 371mg,Bebas,Antihistamin,17235,botol
OBT00752,Obat Rem,Paracetamol 229mg,Bebas Terbatas,Antihistamin,151020,botol
OBT00753,Obat Harum,Cetirizine 638mg,Keras,Antihistamin,75121,botol
OBT00754,Obat Cupiditate,Paracetamol 863mg,Bebas,Analgesik,44630,kapsul
OBT00755,Obat Enim,Paracetamol 587mg,Narkotika,Analgesik,185914,sirup
OBT00756,Obat Alias,Cetirizine 896mg,Bebas Terbatas,Vitamin,140105,tablet
OBT00757,Obat Nemo,Amoxicillin 625mg,Narkotika,Antibiotik,163410,sirup
OBT00758,Obat Quo,Metformin 211mg,Keras,Vitamin,180501,kapsul
OBT00759,Obat Magni,Cetirizine 615mg,Narkotika,Antibiotik,32300,tablet
OBT00760,Obat Nostrum,Ibuprofen 729mg,Bebas Terbatas,Antidiabetik,190179,sirup
OBT00761,Obat Autem,Paracetamol 844mg,Bebas,Antihistamin,18217,sirup
OBT00762,Obat Fugiat,Metformin 408mg,Bebas,Antibiotik,119773,botol
OBT00763,Obat Cupiditate,Cetirizine 758mg,Bebas Terbatas,Antihistamin,124835,sirup
OBT00764,Obat Debitis,Paracetamol 162mg,Narkotika,Antibiotik,34079,sirup
OBT00765,Obat Error,Cetirizine 967mg,Narkotika,Antidiabetik,32758,kapsul
OBT00766,Obat Ipsa,Cetirizine 536mg,Bebas Terbatas,Antibiotik,165057,tablet
OBT00767,Obat Tempora,Paracetamol 602mg,Bebas,Vitamin,164817,botol
OBT00768,Obat Doloribus,Cetirizine 175mg,Narkotika,Analgesik,31704,kapsul
OBT00769,Obat Illo,Paracetamol 429mg,Keras,Antihistamin,152448,sirup
OBT00770,Obat Illo,Metformin 251mg,Bebas Terbatas,Analgesik,16002,tablet
OBT00771,Obat Explicabo,Paracetamol 229mg,Keras,Antibiotik,137987,botol
OBT00772,Obat Aperiam,Amoxicillin 739mg,Keras,Vitamin,32632,botol
OBT00773,Obat Assumenda,Metformin 661mg,Bebas,Antibiotik,48790,tablet
OBT00774,Obat Ab,Amoxicillin 490mg,Bebas Terbatas,Antidiabetik,170131,sirup
OBT00775,Obat Sit,Metformin 643mg,Narkotika,Antidiabetik,35948,tablet
OBT00776,Obat Quidem,Amoxicillin 564mg,Narkotika,Antidiabetik,58840,botol
OBT00777,Obat A,Metformin 719mg,Bebas Terbatas,Antibiotik,99801,sirup
OBT00778,Obat Vitae,Cetirizine 201mg,Bebas,Antidiabetik,46165,sirup
OBT00779,Obat Quasi,Paracetamol 973mg,Narkotika,Antibiotik,195932,sirup
OBT00780,Obat Voluptas,Metformin 838mg,Narkotika,Antibiotik,81578,tablet
OBT00781,Obat Iure,Ibuprofen 540mg,Narkotika,Vitamin,190640,tablet
OBT00782,Obat Amet,Cetirizine 333mg,Bebas,Antihistamin,120741,sirup
OBT00783,Obat Quas,Cetirizine 447mg,Narkotika,Analgesik,137617,kapsul
OBT00784,Obat Amet,Cetirizine 508mg,Narkotika,Antihistamin,135650,botol
OBT00785,Obat Libero,Cetirizine 847mg,Keras,Analgesik,197034,sirup
OBT00786,Obat Qui,Paracetamol 420mg,Bebas,Analgesik,31029,tablet
OBT00787,Obat Molestias,Cetirizine 420mg,Narkotika,Antibiotik,45447,tablet
OBT00788,Obat Magni,Amoxicillin 483mg,Bebas,Antidiabetik,174631,botol
OBT00789,Obat Necessitatibus,Ibuprofen 803mg,Bebas,Antidiabetik,100351,botol
OBT00790,Obat Facere,Cetirizine 168mg,Narkotika,Antidiabetik,92715,kapsul
OBT00791,Obat Omnis,Paracetamol 951mg,Narkotika,Antihistamin,41116,tablet
OBT00792,Obat Minima,Paracetamol 195mg,Bebas,Antidiabetik,37239,kapsul
OBT00793,Obat Nulla,Cetirizine 198mg,Bebas,Vitamin,57924,botol
OBT00794,Obat Autem,Amoxicillin 931mg,Bebas,Antibiotik,120109,tablet
OBT00795,Obat Hic,Ibuprofen 669mg,Keras,Antidiabetik,113986,botol
OBT00796,Obat Vero,Paracetamol 700mg,Bebas Terbatas,Antidiabetik,6726,tablet
OBT00797,Obat Minima,Metformin 675mg,Narkotika,Antidiabetik,69308,kapsul
OBT00798,Obat Labore,Amoxicillin 786mg,Keras,Antihistamin,129168,sirup
OBT00799,Obat Magni,Paracetamol 520mg,Keras,Antibiotik,94475,kapsul
OBT00800,Obat Nobis,Amoxicillin 994mg,Bebas,Vitamin,80171,botol
OBT00801,Obat Eum,Cetirizine 988mg,Bebas Terbatas,Antidiabetik,137388,botol
OBT00802,Obat Pariatur,Paracetamol 394mg,Narkotika,Analgesik,49895,sirup
OBT00803,Obat Facere,Metformin 419mg,Keras,Antihistamin,27343,sirup
OBT00804,Obat Rem,Amoxicillin 206mg,Narkotika,Antidiabetik,74734,sirup
OBT00805,Obat Cupiditate,Metformin 619mg,Keras,Antidiabetik,102631,botol
OBT00806,Obat Iste,Ibuprofen 258mg,Narkotika,Antihistamin,192485,kapsul
OBT00807,Obat Maiores,Cetirizine 329mg,Bebas,Vitamin,113792,sirup
OBT00808,Obat Libero,Paracetamol 458mg,Bebas,Analgesik,99540,tablet
OBT00809,Obat Veritatis,Metformin 476mg,Bebas Terbatas,Analgesik,170004,botol
OBT00810,Obat Odit,Paracetamol 880mg,Bebas,Vitamin,179324,botol
OBT00811,Obat Nulla,Amoxicillin 687mg,Keras,Antihistamin,69343,kapsul
OBT00812,Obat Rerum,Ibuprofen 926mg,Keras,Antidiabetik,44743,kapsul
OBT00813,Obat Laboriosam,Cetirizine 965mg,Keras,Vitamin,143844,sirup
OBT00814,Obat Deserunt,Metformin 885mg,Keras,Antihistamin,115551,botol
OBT00815,Obat Dolorem,Metformin 728mg,Bebas,Antihistamin,64816,tablet
OBT00816,Obat Voluptatem,Metformin 126mg,Bebas,Antihistamin,41174,sirup
OBT00817,Obat Voluptates,Metformin 773mg,Bebas Terbatas,Antihistamin,117413,kapsul
OBT00818,Obat Repudiandae,Amoxicillin 129mg,Narkotika,Analgesik,113372,tablet
OBT00819,Obat Voluptates,Ibuprofen 379mg,Bebas Terbatas,Antihistamin,112297,kapsul
OBT00820,Obat Nulla,Amoxicillin 447mg,Narkotika,Vitamin,125259,sirup
OBT00821,Obat Sit,Amoxicillin 106mg,Bebas,Antidiabetik,140307,tablet
OBT00822,Obat Iusto,Ibuprofen 990mg,Keras,Antidiabetik,183834,kapsul
OBT00823,Obat Iure,Ibuprofen 679mg,Bebas Terbatas,Antibiotik,99836,botol
OBT00824,Obat Eveniet,Cetirizine 171mg,Bebas Terbatas,Vitamin,12802,botol
OBT00825,Obat Labore,Ibuprofen 858mg,Bebas,Antibiotik,121019,sirup
OBT00826,Obat Rerum,Paracetamol 193mg,Narkotika,Vitamin,43164,tablet
OBT00827,Obat Temporibus,Metformin 320mg,Bebas Terbatas,Antihistamin,7607,kapsul
OBT00828,Obat Soluta,Cetirizine 529mg,Narkotika,Antibiotik,193121,kapsul
OBT00829,Obat At,Cetirizine 449mg,Bebas Terbatas,Antihistamin,140619,botol
OBT00830,Obat Molestiae,Ibuprofen 478mg,Keras,Vitamin,23240,sirup
OBT00831,Obat Quidem,Amoxicillin 838mg,Bebas,Analgesik,27224,tablet
OBT00832,Obat Non,Amoxicillin 895mg,Narkotika,Analgesik,93684,botol
OBT00833,Obat Eaque,Metformin 710mg,Bebas,Analgesik,87524,botol
OBT00834,Obat Distinctio,Paracetamol 153mg,Bebas,Analgesik,110290,botol
OBT00835,Obat Optio,Ibuprofen 261mg,Narkotika,Antidiabetik,48076,kapsul
OBT00836,Obat Quae,Metformin 150mg,Narkotika,Analgesik,118789,sirup
OBT00837,Obat Inventore,Paracetamol 378mg,Bebas Terbatas,Vitamin,21113,botol
OBT00838,Obat Recusandae,Cetirizine 777mg,Narkotika,Analgesik,108092,botol
OBT00839,Obat Ipsa,Cetirizine 597mg,Bebas,Antidiabetik,14723,kapsul
OBT00840,Obat Cupiditate,Metformin 552mg,Bebas,Antihistamin,178061,tablet
OBT00841,Obat Corrupti,Cetirizine 379mg,Narkotika,Antibiotik,173156,tablet
OBT00842,Obat Sapiente,Ibuprofen 873mg,Narkotika,Antihistamin,44571,tablet
OBT00843,Obat Molestias,Metformin 216mg,Bebas Terbatas,Antihistamin,155616,kapsul
OBT00844,Obat Possimus,Amoxicillin 540mg,Bebas Terbatas,Antibiotik,20154,kapsul
OBT00845,Obat Occaecati,Paracetamol 390mg,Bebas Terbatas,Analgesik,170572,sirup
OBT00846,Obat Dicta,Metformin 598mg,Bebas,Analgesik,192005,tablet
OBT00847,Obat Optio,Metformin 783mg,Narkotika,Vitamin,178109,kapsul
OBT00848,Obat Veniam,Amoxicillin 146mg,Keras,Analgesik,141256,tablet
OBT00849,Obat Illo,Ibuprofen 504mg,Narkotika,Analgesik,82522,sirup
OBT00850,Obat Amet,Metformin 156mg,Narkotika,Vitamin,114918,botol
OBT00851,Obat Incidunt,Paracetamol 309mg,Bebas Terbatas,Antibiotik,110382,tablet
OBT00852,Obat In,Amoxicillin 316mg,Keras,Vitamin,183486,botol
OBT00853,Obat Minus,Ibuprofen 882mg,Narkotika,Analgesik,188707,botol
OBT00854,Obat Officiis,Amoxicillin 396mg,Keras,Analgesik,150125,sirup
OBT00855,Obat Animi,Amoxicillin 222mg,Keras,Analgesik,84776,sirup
OBT00856,Obat Quasi,Paracetamol 609mg,Narkotika,Vitamin,194150,botol
OBT00857,Obat Laudantium,Cetirizine 279mg,Bebas Terbatas,Antibiotik,199693,tablet
OBT00858,Obat Voluptas,Ibuprofen 489mg,Bebas Terbatas,Antidiabetik,87233,botol
OBT00859,Obat Eaque,Metformin 820mg,Narkotika,Vitamin,95218,kapsul
OBT00860,Obat Porro,Ibuprofen 612mg,Keras,Antibiotik,7071,kapsul
OBT00861,Obat Earum,Metformin 953mg,Keras,Analgesik,78342,kapsul
OBT00862,Obat Sunt,Amoxicillin 173mg,Bebas Terbatas,Antibiotik,143357,kapsul
OBT00863,Obat Itaque,Cetirizine 982mg,Bebas Terbatas,Antihistamin,165012,sirup
OBT00864,Obat Consectetur,Paracetamol 546mg,Bebas Terbatas,Antihistamin,43498,tablet
OBT00865,Obat Officia,Paracetamol 570mg,Keras,Antidiabetik,188578,sirup
OBT00866,Obat Hic,Paracetamol 982mg,Keras,Analgesik,110889,kapsul
OBT00867,Obat Sit,Amoxicillin 689mg,Bebas Terbatas,Antidiabetik,121965,botol
OBT00868,Obat Voluptas,Cetirizine 687mg,Bebas Terbatas,Antihistamin,173789,kapsul
OBT00869,Obat Consequatur,Cetirizine 826mg,Keras,Antidiabetik,58774,botol
OBT00870,Obat Iusto,Cetirizine 396mg,Bebas,Antihistamin,147717,tablet
OBT00871,Obat Facere,Paracetamol 514mg,Keras,Antihistamin,168672,kapsul
OBT00872,Obat Perspiciatis,Paracetamol 432mg,Narkotika,Antibiotik,167054,kapsul
OBT00873,Obat Nihil,Ibuprofen 920mg,Narkotika,Analgesik,175927,kapsul
OBT00874,Obat Provident,Metformin 571mg,Keras,Antihistamin,120905,kapsul
OBT00875,Obat Inventore,Amoxicillin 190mg,Narkotika,Analgesik,187837,tablet
OBT00876,Obat Natus,Cetirizine 964mg,Bebas,Antidiabetik,95505,kapsul
OBT00877,Obat Sapiente,Paracetamol 349mg,Bebas,Antidiabetik,175067,botol
OBT00878,Obat Laboriosam,Cetirizine 703mg,Bebas,Antihistamin,111038,tablet
OBT00879,Obat Quae,Cetirizine 636mg,Narkotika,Analgesik,56719,sirup
OBT00880,Obat Illo,Paracetamol 505mg,Bebas Terbatas,Antihistamin,84044,kapsul
OBT00881,Obat Sunt,Amoxicillin 863mg,Bebas,Antihistamin,27093,kapsul
OBT00882,Obat Deleniti,Amoxicillin 326mg,Bebas,Antibiotik,14691,botol
OBT00883,Obat Ullam,Amoxicillin 897mg,Bebas Terbatas,Antidiabetik,145884,tablet
OBT00884,Obat Necessitatibus,Ibuprofen 178mg,Keras,Analgesik,92685,kapsul
OBT00885,Obat Molestias,Metformin 748mg,Bebas Terbatas,Antidiabetik,107234,tablet
OBT00886,Obat Est,Paracetamol 643mg,Keras,Antibiotik,195080,tablet
OBT00887,Obat Accusamus,Metformin 298mg,Keras,Vitamin,193450,botol
OBT00888,Obat Dolorem,Amoxicillin 459mg,Bebas Terbatas,Antidiabetik,199000,botol
OBT00889,Obat Incidunt,Ibuprofen 341mg,Bebas,Antibiotik,38031,sirup
OBT00890,Obat Repudiandae,Paracetamol 249mg,Keras,Antidiabetik,141438,kapsul
OBT00891,Obat Adipisci,Amoxicillin 302mg,Bebas Terbatas,Analgesik,146764,kapsul
OBT00892,Obat Fugiat,Ibuprofen 716mg,Bebas,Antibiotik,79429,sirup
OBT00893,Obat Ex,Ibuprofen 878mg,Keras,Vitamin,61029,botol
OBT00894,Obat Architecto,Paracetamol 281mg,Narkotika,Antidiabetik,29332,botol
OBT00895,Obat Provident,Cetirizine 575mg,Bebas,Antibiotik,139131,tablet
OBT00896,Obat Odio,Metformin 878mg,Bebas Terbatas,Vitamin,149647,botol
OBT00897,Obat Tempore,Metformin 559mg,Narkotika,Analgesik,86855,tablet
OBT00898,Obat Repellendus,Metformin 758mg,Bebas Terbatas,Antidiabetik,141665,sirup
OBT00899,Obat Modi,Metformin 430mg,Keras,Antihistamin,94314,tablet
OBT00900,Obat Quis,Amoxicillin 254mg,Bebas,Analgesik,171641,sirup
OBT00901,Obat Fugit,Cetirizine 169mg,Narkotika,Analgesik,46950,sirup
OBT00902,Obat Modi,Cetirizine 552mg,Narkotika,Analgesik,11139,sirup
OBT00903,Obat Ducimus,Amoxicillin 915mg,Narkotika,Analgesik,12311,sirup
OBT00904,Obat Numquam,Amoxicillin 705mg,Keras,Vitamin,146540,botol
OBT00905,Obat Ullam,Paracetamol 460mg,Bebas,Antihistamin,160321,kapsul
OBT00906,Obat Sed,Metformin 175mg,Bebas,Antidiabetik,72814,sirup
OBT00907,Obat Fugiat,Amoxicillin 572mg,Keras,Analgesik,68265,tablet
OBT00908,Obat Occaecati,Cetirizine 138mg,Bebas Terbatas,Antidiabetik,84676,kapsul
OBT00909,Obat Doloremque,Paracetamol 477mg,Narkotika,Antibiotik,195450,tablet
OBT00910,Obat Voluptatem,Amoxicillin 178mg,Bebas Terbatas,Analgesik,115820,tablet
OBT00911,Obat Numquam,Paracetamol 729mg,Keras,Analgesik,137454,tablet
OBT00912,Obat Ratione,Metformin 619mg,Bebas Terbatas,Antidiabetik,33951,sirup
OBT00913,Obat Quia,Cetirizine 573mg,Bebas Terbatas,Antihistamin,196885,kapsul
OBT00914,Obat Ea,Metformin 667mg,Keras,Antibiotik,20714,sirup
OBT00915,Obat Temporibus,Paracetamol 560mg,Narkotika,Antihistamin,102774,botol
OBT00916,Obat Sequi,Metformin 767mg,Bebas Terbatas,Antidiabetik,73093,sirup
OBT00917,Obat Maiores,Ibuprofen 429mg,Bebas,Vitamin,169361,tablet
OBT00918,Obat Commodi,Metformin 587mg,Bebas Terbatas,Analgesik,138037,botol
OBT00919,Obat Esse,Metformin 254mg,Bebas Terbatas,Vitamin,97923,kapsul
OBT00920,Obat Cum,Paracetamol 561mg,Bebas,Antidiabetik,37456,sirup
OBT00921,Obat Eaque,Paracetamol 930mg,Narkotika,Antidiabetik,17512,botol
OBT00922,Obat Provident,Amoxicillin 831mg,Bebas,Antidiabetik,175645,sirup
OBT00923,Obat Mollitia,Paracetamol 616mg,Narkotika,Antidiabetik,37702,sirup
OBT00924,Obat Blanditiis,Ibuprofen 140mg,Keras,Analgesik,122633,sirup
OBT00925,Obat Sapiente,Ibuprofen 824mg,Keras,Vitamin,83108,tablet
OBT00926,Obat Error,Cetirizine 549mg,Bebas Terbatas,Antibiotik,155060,tablet
OBT00927,Obat Quis,Metformin 635mg,Bebas Terbatas,Analgesik,198163,tablet
OBT00928,Obat Dicta,Metformin 262mg,Keras,Antidiabetik,6366,kapsul
OBT00929,Obat Magnam,Amoxicillin 481mg,Bebas,Antidiabetik,123789,sirup
OBT00930,Obat Sunt,Amoxicillin 496mg,Keras,Analgesik,93861,sirup
OBT00931,Obat Iure,Cetirizine 893mg,Narkotika,Vitamin,66891,sirup
OBT00932,Obat Necessitatibus,Amoxicillin 795mg,Bebas Terbatas,Vitamin,157461,sirup
OBT00933,Obat Praesentium,Metformin 153mg,Bebas,Antihistamin,153267,kapsul
OBT00934,Obat Asperiores,Amoxicillin 167mg,Bebas Terbatas,Antihistamin,192340,sirup
OBT00935,Obat Assumenda,Amoxicillin 196mg,Keras,Antihistamin,169559,kapsul
OBT00936,Obat Dolor,Metformin 794mg,Bebas,Antidiabetik,179462,botol
OBT00937,Obat Recusandae,Cetirizine 390mg,Keras,Analgesik,144798,tablet
OBT00938,Obat Deleniti,Amoxicillin 841mg,Narkotika,Analgesik,161119,tablet
OBT00939,Obat Nemo,Metformin 994mg,Keras,Antihistamin,66299,kapsul
OBT00940,Obat Id,Ibuprofen 441mg,Bebas,Vitamin,96838,tablet
OBT00941,Obat Eveniet,Paracetamol 696mg,Keras,Antihistamin,83433,tablet
OBT00942,Obat Fuga,Ibuprofen 458mg,Bebas Terbatas,Analgesik,79589,kapsul
OBT00943,Obat Neque,Amoxicillin 771mg,Bebas Terbatas,Antidiabetik,179829,kapsul
OBT00944,Obat Magnam,Cetirizine 232mg,Bebas,Antihistamin,192394,botol
OBT00945,Obat Adipisci,Metformin 825mg,Bebas Terbatas,Antibiotik,155147,tablet
OBT00946,Obat Perspiciatis,Paracetamol 417mg,Narkotika,Antibiotik,181274,tablet
OBT00947,Obat Beatae,Metformin 485mg,Narkotika,Vitamin,41692,sirup
OBT00948,Obat Amet,Amoxicillin 932mg,Bebas,Analgesik,192262,sirup
OBT00949,Obat Doloremque,Ibuprofen 786mg,Keras,Antidiabetik,104002,botol
OBT00950,Obat Ex,Metformin 195mg,Bebas Terbatas,Antibiotik,141227,kapsul
OBT00951,Obat Aliquam,Cetirizine 620mg,Bebas Terbatas,Antihistamin,198334,kapsul
OBT00952,Obat Aut,Amoxicillin 118mg,Keras,Antidiabetik,69915,tablet
OBT00953,Obat Est,Amoxicillin 416mg,Keras,Analgesik,32584,kapsul
OBT00954,Obat Rerum,Ibuprofen 319mg,Keras,Antihistamin,90943,kapsul
OBT00955,Obat Non,Amoxicillin 884mg,Keras,Antidiabetik,140384,botol
OBT00956,Obat Eaque,Cetirizine 296mg,Bebas Terbatas,Analgesik,157664,sirup
OBT00957,Obat Quasi,Ibuprofen 240mg,Narkotika,Antidiabetik,55477,sirup
OBT00958,Obat Sequi,Ibuprofen 179mg,Bebas,Antibiotik,99704,sirup
OBT00959,Obat Occaecati,Amoxicillin 964mg,Bebas,Antibiotik,124094,botol
OBT00960,Obat Eveniet,Paracetamol 619mg,Keras,Analgesik,30686,tablet
OBT00961,Obat Commodi,Metformin 955mg,Narkotika,Antibiotik,43418,botol
OBT00962,Obat Quidem,Metformin 138mg,Bebas Terbatas,Analgesik,191552,tablet
OBT00963,Obat Voluptas,Amoxicillin 997mg,Bebas Terbatas,Vitamin,116592,botol
OBT00964,Obat Alias,Metformin 234mg,Bebas,Antibiotik,113017,botol
OBT00965,Obat Quae,Metformin 485mg,Keras,Antidiabetik,26481,tablet
OBT00966,Obat Suscipit,Ibuprofen 266mg,Narkotika,Antidiabetik,29182,kapsul
OBT00967,Obat Vero,Ibuprofen 951mg,Bebas,Analgesik,21303,sirup
OBT00968,Obat Commodi,Metformin 928mg,Narkotika,Vitamin,116381,kapsul
OBT00969,Obat Assumenda,Ibuprofen 838mg,Keras,Antihistamin,39095,sirup
OBT00970,Obat Ab,Cetirizine 144mg,Keras,Antidiabetik,129846,tablet
OBT00971,Obat Corporis,Cetirizine 473mg,Bebas,Vitamin,61304,tablet
OBT00972,Obat Voluptatem,Ibuprofen 554mg,Keras,Antidiabetik,121959,kapsul
OBT00973,Obat Voluptatibus,Metformin 391mg,Narkotika,Analgesik,25466,botol
OBT00974,Obat Nihil,Cetirizine 339mg,Narkotika,Analgesik,101808,botol
OBT00975,Obat Illum,Metformin 344mg,Bebas,Antihistamin,182424,tablet
OBT00976,Obat Praesentium,Amoxicillin 928mg,Keras,Analgesik,142954,kapsul
OBT00977,Obat Praesentium,Cetirizine 955mg,Bebas Terbatas,Antihistamin,110579,botol
OBT00978,Obat Perspiciatis,Ibuprofen 476mg,Keras,Analgesik,159203,botol
OBT00979,Obat Tempore,Metformin 551mg,Bebas,Antidiabetik,151530,botol
OBT00980,Obat Ullam,Cetirizine 887mg,Bebas,Analgesik,141038,botol
OBT00981,Obat Sed,Amoxicillin 896mg,Bebas Terbatas,Antibiotik,108489,sirup
OBT00982,Obat Officiis,Cetirizine 614mg,Bebas,Vitamin,74125,kapsul
OBT00983,Obat Quasi,Metformin 528mg,Bebas,Antidiabetik,158171,kapsul
OBT00984,Obat Enim,Ibuprofen 936mg,Bebas Terbatas,Vitamin,135764,tablet
OBT00985,Obat Neque,Ibuprofen 920mg,Bebas Terbatas,Antibiotik,171844,kapsul
OBT00986,Obat Ipsum,Metformin 241mg,Narkotika,Vitamin,115997,kapsul
OBT00987,Obat Voluptatibus,Amoxicillin 153mg,Bebas,Antibiotik,120364,tablet
OBT00988,Obat Minus,Cetirizine 995mg,Bebas Terbatas,Analgesik,185621,botol
OBT00989,Obat Molestias,Amoxicillin 667mg,Narkotika,Analgesik,133330,sirup
OBT00990,Obat Ex,Paracetamol 828mg,Bebas,Antibiotik,196815,sirup
OBT00991,Obat Fuga,Metformin 971mg,Bebas Terbatas,Antidiabetik,114293,kapsul
OBT00992,Obat Quod,Paracetamol 391mg,Bebas,Analgesik,47688,sirup
OBT00993,Obat Eveniet,Paracetamol 881mg,Narkotika,Antidiabetik,42839,sirup
OBT00994,Obat Maiores,Ibuprofen 379mg,Keras,Vitamin,137588,tablet
OBT00995,Obat Molestiae,Cetirizine 625mg,Bebas,Analgesik,38324,kapsul
OBT00996,Obat Repudiandae,Ibuprofen 950mg,Bebas,Antibiotik,132078,kapsul
OBT00997,Obat Magni,Cetirizine 193mg,Bebas,Antibiotik,191423,tablet
OBT00998,Obat Beatae,Ibuprofen 936mg,Bebas,Analgesik,124986,kapsul
OBT00999,Obat Labore,Cetirizine 457mg,Bebas Terbatas,Antibiotik,38917,sirup
OBT01000,Obat Expedita,Paracetamol 524mg,Keras,Analgesik,189686,tablet
OBT01001,Obat Perferendis,Paracetamol 505mg,Bebas,Antihistamin,139528,kapsul
OBT01002,Obat Molestias,Metformin 482mg,Bebas Terbatas,Analgesik,143711,sirup
OBT01003,Obat Est,Ibuprofen 495mg,Keras,Antidiabetik,35948,kapsul
OBT01004,Obat Eaque,Paracetamol 483mg,Narkotika,Vitamin,187051,sirup
OBT01005,Obat Magnam,Ibuprofen 128mg,Narkotika,Antibiotik,60742,tablet
OBT01006,Obat Laudantium,Amoxicillin 201mg,Narkotika,Vitamin,124388,kapsul
OBT01007,Obat Nam,Amoxicillin 910mg,Narkotika,Analgesik,129087,kapsul
OBT01008,Obat Voluptatibus,Ibuprofen 240mg,Narkotika,Analgesik,13547,tablet
OBT01009,Obat Quidem,Paracetamol 393mg,Keras,Analgesik,46114,tablet
OBT01010,Obat Aspernatur,Cetirizine 812mg,Bebas,Antidiabetik,151545,sirup
OBT01011,Obat Assumenda,Ibuprofen 877mg,Narkotika,Vitamin,101818,sirup
OBT01012,Obat Tenetur,Cetirizine 559mg,Bebas,Vitamin,36133,sirup
OBT01013,Obat At,Metformin 105mg,Bebas,Antibiotik,162705,tablet
OBT01014,Obat Nulla,Paracetamol 119mg,Bebas,Analgesik,112117,sirup
OBT01015,Obat Ipsam,Amoxicillin 320mg,Bebas,Antibiotik,33923,kapsul
OBT01016,Obat Error,Ibuprofen 661mg,Bebas,Antidiabetik,36684,botol
OBT01017,Obat Facere,Metformin 640mg,Keras,Antihistamin,101884,sirup
OBT01018,Obat Occaecati,Cetirizine 213mg,Bebas,Antidiabetik,154884,sirup
OBT01019,Obat Repellendus,Amoxicillin 343mg,Keras,Antihistamin,80914,tablet
OBT01020,Obat Blanditiis,Amoxicillin 224mg,Keras,Analgesik,15559,tablet
OBT01021,Obat Illum,Paracetamol 344mg,Bebas,Vitamin,142042,sirup
OBT01022,Obat Mollitia,Cetirizine 754mg,Keras,Vitamin,45187,kapsul
OBT01023,Obat Animi,Metformin 568mg,Narkotika,Antibiotik,35865,sirup
OBT01024,Obat Impedit,Paracetamol 213mg,Narkotika,Antihistamin,102377,kapsul
OBT01025,Obat Architecto,Cetirizine 711mg,Narkotika,Antibiotik,84934,sirup
OBT01026,Obat Autem,Metformin 116mg,Bebas,Analgesik,103162,tablet
OBT01027,Obat Quos,Metformin 688mg,Narkotika,Vitamin,84497,tablet
OBT01028,Obat Omnis,Ibuprofen 835mg,Bebas Terbatas,Antibiotik,82065,botol
OBT01029,Obat Dolorum,Ibuprofen 398mg,Bebas Terbatas,Antihistamin,132382,sirup
OBT01030,Obat Reprehenderit,Cetirizine 101mg,Bebas Terbatas,Analgesik,12334,kapsul
OBT01031,Obat Dolorem,Metformin 461mg,Narkotika,Analgesik,42452,botol
OBT01032,Obat Quod,Ibuprofen 684mg,Keras,Antihistamin,42261,kapsul
OBT01033,Obat Deserunt,Cetirizine 291mg,Bebas Terbatas,Antibiotik,159566,sirup
OBT01034,Obat Molestiae,Paracetamol 636mg,Keras,Antidiabetik,115561,sirup
OBT01035,Obat Incidunt,Amoxicillin 169mg,Keras,Antibiotik,17753,kapsul
OBT01036,Obat Impedit,Metformin 657mg,Bebas,Antihistamin,84996,botol
OBT01037,Obat Repellendus,Metformin 905mg,Bebas Terbatas,Vitamin,79313,kapsul
OBT01038,Obat Culpa,Metformin 667mg,Bebas,Antibiotik,61513,botol
OBT01039,Obat Voluptatem,Paracetamol 499mg,Bebas,Antidiabetik,52992,kapsul
OBT01040,Obat Unde,Cetirizine 144mg,Bebas,Antibiotik,198897,botol
OBT01041,Obat Ipsa,Cetirizine 482mg,Narkotika,Vitamin,133134,sirup
OBT01042,Obat Est,Amoxicillin 865mg,Bebas,Analgesik,5546,kapsul
OBT01043,Obat Iure,Paracetamol 465mg,Keras,Antibiotik,37067,botol
OBT01044,Obat Natus,Paracetamol 453mg,Bebas Terbatas,Analgesik,148533,tablet
OBT01045,Obat Suscipit,Ibuprofen 850mg,Keras,Vitamin,96396,botol
OBT01046,Obat Exercitationem,Paracetamol 890mg,Bebas Terbatas,Antidiabetik,22711,kapsul
OBT01047,Obat Eos,Metformin 852mg,Narkotika,Antibiotik,16713,botol
OBT01048,Obat Harum,Amoxicillin 236mg,Bebas Terbatas,Analgesik,114464,kapsul
OBT01049,Obat Ullam,Paracetamol 460mg,Bebas Terbatas,Antidiabetik,131137,kapsul
OBT01050,Obat Reiciendis,Metformin 446mg,Bebas Terbatas,Analgesik,155224,kapsul
OBT01051,Obat Enim,Ibuprofen 950mg,Bebas Terbatas,Analgesik,86186,botol
OBT01052,Obat Suscipit,Cetirizine 812mg,Keras,Analgesik,153311,kapsul
OBT01053,Obat Tempora,Cetirizine 746mg,Bebas Terbatas,Antibiotik,123587,sirup
OBT01054,Obat Laboriosam,Ibuprofen 930mg,Bebas,Analgesik,93558,tablet
OBT01055,Obat Minima,Ibuprofen 164mg,Bebas Terbatas,Vitamin,103908,sirup
OBT01056,Obat Deserunt,Cetirizine 137mg,Bebas,Antihistamin,129578,kapsul
OBT01057,Obat Natus,Amoxicillin 306mg,Narkotika,Antidiabetik,193752,kapsul
OBT01058,Obat Necessitatibus,Paracetamol 910mg,Bebas,Antidiabetik,163783,botol
OBT01059,Obat Quisquam,Ibuprofen 142mg,Keras,Antibiotik,39815,kapsul
OBT01060,Obat Eos,Amoxicillin 417mg,Bebas,Antibiotik,41312,tablet
OBT01061,Obat Nostrum,Metformin 507mg,Keras,Antibiotik,137320,kapsul
OBT01062,Obat Non,Metformin 584mg,Bebas,Antihistamin,171844,tablet
OBT01063,Obat Facere,Amoxicillin 137mg,Bebas Terbatas,Vitamin,125831,botol
OBT01064,Obat Architecto,Ibuprofen 392mg,Narkotika,Antidiabetik,122946,kapsul
OBT01065,Obat Velit,Amoxicillin 982mg,Keras,Antidiabetik,179907,botol
OBT01066,Obat Vero,Paracetamol 986mg,Keras,Antibiotik,122722,botol
OBT01067,Obat Animi,Amoxicillin 379mg,Bebas Terbatas,Antibiotik,44054,tablet
OBT01068,Obat Asperiores,Paracetamol 918mg,Bebas Terbatas,Vitamin,195805,kapsul
OBT01069,Obat Maiores,Amoxicillin 547mg,Bebas,Analgesik,90253,tablet
OBT01070,Obat Suscipit,Cetirizine 861mg,Keras,Vitamin,28413,tablet
OBT01071,Obat Ipsum,Cetirizine 495mg,Bebas,Antibiotik,168779,botol
OBT01072,Obat Nihil,Amoxicillin 291mg,Bebas Terbatas,Antidiabetik,179195,botol
OBT01073,Obat Perferendis,Cetirizine 808mg,Keras,Vitamin,168470,tablet
OBT01074,Obat Facere,Cetirizine 476mg,Narkotika,Analgesik,112381,tablet
OBT01075,Obat Quisquam,Metformin 373mg,Narkotika,Antihistamin,106511,tablet
OBT01076,Obat Quas,Paracetamol 844mg,Keras,Antihistamin,66032,tablet
OBT01077,Obat Aspernatur,Cetirizine 180mg,Keras,Antidiabetik,108650,kapsul
OBT01078,Obat Libero,Cetirizine 716mg,Bebas Terbatas,Analgesik,93866,kapsul
OBT01079,Obat Ipsam,Ibuprofen 658mg,Keras,Vitamin,146818,tablet
OBT01080,Obat Nostrum,Amoxicillin 428mg,Keras,Antibiotik,17011,sirup
OBT01081,Obat Officiis,Paracetamol 181mg,Narkotika,Antibiotik,180752,kapsul
OBT01082,Obat Aliquid,Amoxicillin 776mg,Bebas Terbatas,Analgesik,121155,tablet
OBT01083,Obat Inventore,Amoxicillin 413mg,Bebas,Vitamin,197915,tablet
OBT01084,Obat Quidem,Cetirizine 717mg,Keras,Analgesik,77712,tablet
OBT01085,Obat Voluptate,Cetirizine 270mg,Bebas Terbatas,Vitamin,174323,sirup
OBT01086,Obat A,Cetirizine 459mg,Bebas Terbatas,Antihistamin,28207,tablet
OBT01087,Obat Blanditiis,Cetirizine 143mg,Narkotika,Vitamin,48414,kapsul
OBT01088,Obat Hic,Amoxicillin 729mg,Keras,Vitamin,190390,kapsul
OBT01089,Obat Saepe,Cetirizine 381mg,Keras,Antibiotik,11502,botol
OBT01090,Obat Consectetur,Paracetamol 176mg,Bebas Terbatas,Antidiabetik,154945,botol
OBT01091,Obat Tenetur,Cetirizine 472mg,Keras,Antibiotik,170179,kapsul
OBT01092,Obat Aut,Metformin 920mg,Narkotika,Antihistamin,190440,sirup
OBT01093,Obat Enim,Ibuprofen 131mg,Narkotika,Analgesik,85962,sirup
OBT01094,Obat Vel,Ibuprofen 969mg,Narkotika,Antibiotik,152074,botol
OBT01095,Obat Soluta,Metformin 794mg,Keras,Analgesik,174124,kapsul
OBT01096,Obat Eius,Cetirizine 135mg,Keras,Antibiotik,37448,kapsul
OBT01097,Obat Atque,Ibuprofen 168mg,Narkotika,Antidiabetik,173798,tablet
OBT01098,Obat Numquam,Ibuprofen 897mg,Bebas,Antidiabetik,151630,sirup
OBT01099,Obat Nesciunt,Amoxicillin 470mg,Bebas Terbatas,Antibiotik,27322,tablet
OBT01100,Obat Sint,Cetirizine 680mg,Bebas,Antibiotik,55443,tablet
OBT01101,Obat Dolore,Paracetamol 719mg,Keras,Analgesik,167189,tablet
OBT01102,Obat Dolores,Ibuprofen 795mg,Bebas Terbatas,Analgesik,147038,tablet
OBT01103,Obat Eos,Cetirizine 479mg,Bebas Terbatas,Antihistamin,156219,sirup
OBT01104,Obat Illo,Amoxicillin 554mg,Keras,Antihistamin,18860,tablet
OBT01105,Obat Assumenda,Paracetamol 687mg,Bebas,Antibiotik,154486,botol
OBT01106,Obat Vero,Ibuprofen 642mg,Bebas,Antidiabetik,141774,kapsul
OBT01107,Obat Voluptate,Amoxicillin 507mg,Bebas,Antihistamin,54648,tablet
OBT01108,Obat Molestiae,Amoxicillin 765mg,Bebas,Antihistamin,129737,kapsul
OBT01109,Obat Corrupti,Amoxicillin 355mg,Narkotika,Vitamin,136763,tablet
OBT01110,Obat Nesciunt,Paracetamol 126mg,Bebas Terbatas,Antidiabetik,9892,kapsul
OBT01111,Obat Cum,Ibuprofen 611mg,Bebas,Analgesik,36531,botol
OBT01112,Obat Explicabo,Metformin 496mg,Keras,Analgesik,177557,botol
OBT01113,Obat Accusantium,Metformin 220mg,Narkotika,Analgesik,144423,kapsul
OBT01114,Obat Sint,Amoxicillin 893mg,Bebas Terbatas,Vitamin,52118,sirup
OBT01115,Obat Optio,Amoxicillin 820mg,Keras,Antibiotik,9973,sirup
OBT01116,Obat Doloribus,Cetirizine 319mg,Narkotika,Antibiotik,77079,kapsul
OBT01117,Obat Fugiat,Metformin 392mg,Bebas Terbatas,Analgesik,58950,botol
OBT01118,Obat Similique,Cetirizine 304mg,Keras,Antidiabetik,69300,tablet
OBT01119,Obat Ducimus,Paracetamol 238mg,Bebas Terbatas,Vitamin,189973,botol
OBT01120,Obat Tempora,Paracetamol 562mg,Narkotika,Analgesik,156926,kapsul
OBT01121,Obat Placeat,Ibuprofen 830mg,Bebas,Analgesik,121452,tablet
OBT01122,Obat Illum,Cetirizine 189mg,Narkotika,Antibiotik,27189,kapsul
OBT01123,Obat Beatae,Amoxicillin 783mg,Keras,Antidiabetik,144865,tablet
OBT01124,Obat Enim,Amoxicillin 826mg,Bebas,Vitamin,164083,sirup
OBT01125,Obat Tempora,Paracetamol 663mg,Bebas Terbatas,Vitamin,88999,sirup
OBT01126,Obat Iusto,Metformin 397mg,Bebas Terbatas,Antihistamin,110328,tablet
OBT01127,Obat Harum,Amoxicillin 971mg,Bebas Terbatas,Antidiabetik,159374,sirup
OBT01128,Obat Labore,Ibuprofen 828mg,Narkotika,Antibiotik,16792,tablet
OBT01129,Obat Eaque,Ibuprofen 912mg,Bebas Terbatas,Antihistamin,133836,sirup
OBT01130,Obat Temporibus,Amoxicillin 620mg,Bebas Terbatas,Antibiotik,11098,tablet
OBT01131,Obat Minima,Ibuprofen 224mg,Bebas Terbatas,Analgesik,94117,tablet
OBT01132,Obat Sint,Ibuprofen 911mg,Narkotika,Antihistamin,119561,kapsul
OBT01133,Obat Voluptate,Ibuprofen 342mg,Keras,Antibiotik,52319,kapsul
OBT01134,Obat Adipisci,Cetirizine 126mg,Bebas,Analgesik,113773,botol
OBT01135,Obat Incidunt,Amoxicillin 667mg,Bebas Terbatas,Antibiotik,11306,sirup
OBT01136,Obat Consequatur,Metformin 477mg,Narkotika,Antidiabetik,143386,kapsul
OBT01137,Obat Quas,Cetirizine 922mg,Bebas Terbatas,Antibiotik,88199,botol
OBT01138,Obat Neque,Metformin 232mg,Bebas,Antidiabetik,105141,kapsul
OBT01139,Obat Vero,Metformin 188mg,Keras,Antibiotik,72417,sirup
OBT01140,Obat Sint,Paracetamol 416mg,Keras,Analgesik,28861,sirup
OBT01141,Obat Quam,Cetirizine 834mg,Bebas Terbatas,Antidiabetik,35053,sirup
OBT01142,Obat Quas,Cetirizine 638mg,Bebas,Vitamin,31039,tablet
OBT01143,Obat Adipisci,Cetirizine 887mg,Bebas Terbatas,Antidiabetik,147024,sirup
OBT01144,Obat Ipsam,Cetirizine 943mg,Keras,Analgesik,49081,botol
OBT01145,Obat Asperiores,Metformin 175mg,Narkotika,Antidiabetik,79803,sirup
OBT01146,Obat Quos,Ibuprofen 424mg,Narkotika,Antibiotik,42757,sirup
OBT01147,Obat Corporis,Paracetamol 560mg,Narkotika,Antibiotik,52885,tablet
OBT01148,Obat Eius,Cetirizine 796mg,Bebas,Vitamin,71992,tablet
OBT01149,Obat Explicabo,Metformin 452mg,Bebas,Antidiabetik,28495,kapsul
OBT01150,Obat Consectetur,Ibuprofen 999mg,Keras,Antibiotik,45429,kapsul
OBT01151,Obat Sint,Metformin 755mg,Bebas,Antidiabetik,85424,sirup
OBT01152,Obat A,Metformin 286mg,Keras,Antihistamin,111765,kapsul
OBT01153,Obat Iusto,Ibuprofen 543mg,Keras,Antibiotik,182893,botol
OBT01154,Obat Corrupti,Metformin 989mg,Bebas Terbatas,Antidiabetik,49352,botol
OBT01155,Obat Fuga,Paracetamol 951mg,Narkotika,Antibiotik,20443,botol
OBT01156,Obat Sunt,Paracetamol 630mg,Narkotika,Antihistamin,166081,tablet
OBT01157,Obat Id,Ibuprofen 411mg,Keras,Antihistamin,90273,tablet
OBT01158,Obat Corporis,Ibuprofen 265mg,Bebas,Antibiotik,52568,botol
OBT01159,Obat Accusantium,Amoxicillin 826mg,Keras,Antihistamin,12122,sirup
OBT01160,Obat Perferendis,Ibuprofen 454mg,Narkotika,Antibiotik,191987,kapsul
OBT01161,Obat Fugiat,Metformin 390mg,Bebas Terbatas,Analgesik,20335,tablet
OBT01162,Obat Optio,Paracetamol 356mg,Narkotika,Vitamin,83125,sirup
OBT01163,Obat Est,Ibuprofen 750mg,Keras,Analgesik,107220,kapsul
OBT01164,Obat Tenetur,Metformin 381mg,Keras,Antihistamin,30885,kapsul
OBT01165,Obat Quam,Ibuprofen 740mg,Narkotika,Antibiotik,88896,botol
OBT01166,Obat Explicabo,Amoxicillin 729mg,Narkotika,Analgesik,42345,sirup
OBT01167,Obat Deserunt,Metformin 195mg,Bebas,Antidiabetik,113219,sirup
OBT01168,Obat Optio,Metformin 756mg,Bebas Terbatas,Antidiabetik,89991,botol
OBT01169,Obat Ullam,Ibuprofen 706mg,Narkotika,Antidiabetik,72615,botol
OBT01170,Obat Porro,Metformin 257mg,Bebas Terbatas,Antibiotik,103438,botol
OBT01171,Obat Perspiciatis,Ibuprofen 774mg,Bebas Terbatas,Antihistamin,36710,botol
OBT01172,Obat Sunt,Metformin 837mg,Bebas,Antibiotik,18599,sirup
OBT01173,Obat Vitae,Metformin 445mg,Keras,Antihistamin,58099,kapsul
OBT01174,Obat Omnis,Metformin 142mg,Bebas Terbatas,Vitamin,67815,kapsul
OBT01175,Obat Suscipit,Paracetamol 183mg,Bebas Terbatas,Antibiotik,161501,botol
OBT01176,Obat Error,Paracetamol 756mg,Bebas Terbatas,Vitamin,158624,botol
OBT01177,Obat Placeat,Metformin 371mg,Bebas Terbatas,Antibiotik,66994,botol
OBT01178,Obat Assumenda,Ibuprofen 885mg,Keras,Vitamin,134231,botol
OBT01179,Obat Quae,Metformin 526mg,Bebas,Vitamin,138332,kapsul
OBT01180,Obat Eveniet,Metformin 754mg,Bebas Terbatas,Antibiotik,137231,botol
OBT01181,Obat Corporis,Paracetamol 609mg,Narkotika,Analgesik,105938,tablet
OBT01182,Obat Quod,Metformin 396mg,Keras,Antidiabetik,35167,botol
OBT01183,Obat Nisi,Amoxicillin 594mg,Bebas,Vitamin,75592,kapsul
OBT01184,Obat Consectetur,Ibuprofen 924mg,Narkotika,Antidiabetik,20894,tablet
OBT01185,Obat Quas,Cetirizine 404mg,Narkotika,Antibiotik,88449,kapsul
OBT01186,Obat A,Cetirizine 174mg,Narkotika,Vitamin,126850,sirup
OBT01187,Obat In,Paracetamol 261mg,Bebas Terbatas,Antidiabetik,149997,tablet
OBT01188,Obat Eos,Cetirizine 525mg,Bebas Terbatas,Antidiabetik,111712,kapsul
OBT01189,Obat Est,Cetirizine 575mg,Narkotika,Antihistamin,22159,tablet
OBT01190,Obat Pariatur,Ibuprofen 448mg,Bebas,Analgesik,131922,sirup
OBT01191,Obat Saepe,Metformin 247mg,Bebas Terbatas,Antidiabetik,12577,botol
OBT01192,Obat Odit,Amoxicillin 982mg,Bebas,Antibiotik,111822,kapsul
OBT01193,Obat In,Amoxicillin 851mg,Bebas Terbatas,Antibiotik,171079,tablet
OBT01194,Obat Error,Amoxicillin 508mg,Bebas Terbatas,Antihistamin,66273,tablet
OBT01195,Obat Saepe,Ibuprofen 878mg,Bebas Terbatas,Antidiabetik,9881,sirup
OBT01196,Obat Illum,Amoxicillin 627mg,Bebas,Vitamin,75558,sirup
OBT01197,Obat Atque,Metformin 208mg,Bebas Terbatas,Antibiotik,150247,kapsul
OBT01198,Obat Quod,Amoxicillin 347mg,Bebas,Vitamin,158661,sirup
OBT01199,Obat Dolor,Cetirizine 225mg,Bebas Terbatas,Antibiotik,181972,botol
OBT01200,Obat Quibusdam,Amoxicillin 560mg,Keras,Vitamin,31610,kapsul
OBT01201,Obat Perferendis,Ibuprofen 244mg,Bebas Terbatas,Analgesik,69570,botol
OBT01202,Obat Maiores,Paracetamol 151mg,Narkotika,Antidiabetik,150413,kapsul
OBT01203,Obat Porro,Amoxicillin 493mg,Bebas,Analgesik,175800,kapsul
OBT01204,Obat Cum,Metformin 528mg,Keras,Analgesik,37917,kapsul
OBT01205,Obat Nesciunt,Ibuprofen 986mg,Bebas,Antidiabetik,84852,tablet
OBT01206,Obat Magni,Ibuprofen 933mg,Bebas Terbatas,Vitamin,153962,kapsul
OBT01207,Obat Repellendus,Amoxicillin 691mg,Narkotika,Analgesik,111626,tablet
OBT01208,Obat Voluptatibus,Amoxicillin 294mg,Narkotika,Antidiabetik,121911,kapsul
OBT01209,Obat Iusto,Ibuprofen 610mg,Narkotika,Vitamin,26996,botol
OBT01210,Obat Accusantium,Metformin 578mg,Bebas Terbatas,Antidiabetik,171670,tablet
OBT01211,Obat Ex,Cetirizine 1000mg,Bebas Terbatas,Antidiabetik,136185,botol
OBT01212,Obat Cum,Amoxicillin 609mg,Narkotika,Analgesik,58335,sirup
OBT01213,Obat Nesciunt,Paracetamol 192mg,Bebas Terbatas,Antidiabetik,42320,tablet
OBT01214,Obat Accusantium,Cetirizine 617mg,Bebas Terbatas,Antidiabetik,102859,tablet
OBT01215,Obat Voluptas,Cetirizine 346mg,Keras,Antibiotik,146673,tablet
OBT01216,Obat Tenetur,Ibuprofen 697mg,Bebas Terbatas,Analgesik,49089,botol
OBT01217,Obat Nihil,Amoxicillin 149mg,Keras,Vitamin,69267,kapsul
OBT01218,Obat Cupiditate,Paracetamol 388mg,Narkotika,Analgesik,145911,tablet
OBT01219,Obat Placeat,Cetirizine 711mg,Bebas,Antidiabetik,116084,kapsul
OBT01220,Obat Accusamus,Cetirizine 392mg,Bebas Terbatas,Antibiotik,150529,sirup
OBT01221,Obat Quis,Metformin 108mg,Narkotika,Antibiotik,123421,kapsul
OBT01222,Obat Itaque,Paracetamol 541mg,Narkotika,Antihistamin,15955,tablet
OBT01223,Obat Eum,Ibuprofen 370mg,Bebas Terbatas,Antihistamin,5262,kapsul
OBT01224,Obat Ratione,Amoxicillin 882mg,Bebas,Antibiotik,126805,tablet
OBT01225,Obat Occaecati,Cetirizine 474mg,Bebas,Analgesik,167720,tablet
OBT01226,Obat Dolorem,Paracetamol 510mg,Bebas Terbatas,Analgesik,80825,botol
OBT01227,Obat Laudantium,Paracetamol 683mg,Narkotika,Antidiabetik,176195,kapsul
OBT01228,Obat Nobis,Metformin 299mg,Bebas Terbatas,Antihistamin,48878,kapsul
OBT01229,Obat Ab,Amoxicillin 666mg,Bebas,Antibiotik,5142,botol
OBT01230,Obat Facere,Amoxicillin 175mg,Bebas Terbatas,Antidiabetik,20774,kapsul
OBT01231,Obat Dignissimos,Cetirizine 616mg,Narkotika,Vitamin,131402,sirup
OBT01232,Obat Corrupti,Cetirizine 882mg,Bebas,Vitamin,76644,botol
OBT01233,Obat Minima,Metformin 386mg,Bebas,Analgesik,161727,botol
OBT01234,Obat Deserunt,Metformin 796mg,Bebas,Antidiabetik,70769,sirup
OBT01235,Obat Fuga,Metformin 221mg,Narkotika,Antidiabetik,183257,botol
OBT01236,Obat Ducimus,Ibuprofen 199mg,Bebas Terbatas,Antibiotik,104654,tablet
OBT01237,Obat Laboriosam,Cetirizine 482mg,Bebas,Antidiabetik,97122,sirup
OBT01238,Obat Voluptatibus,Amoxicillin 671mg,Narkotika,Antibiotik,170729,tablet
OBT01239,Obat Reiciendis,Amoxicillin 873mg,Narkotika,Antihistamin,60772,kapsul
OBT01240,Obat Officia,Ibuprofen 303mg,Keras,Antidiabetik,158395,tablet
OBT01241,Obat Modi,Metformin 621mg,Bebas,Analgesik,138779,tablet
OBT01242,Obat Earum,Cetirizine 612mg,Narkotika,Analgesik,78744,kapsul
OBT01243,Obat Eius,Paracetamol 146mg,Bebas Terbatas,Antidiabetik,16923,kapsul
OBT01244,Obat Hic,Paracetamol 240mg,Narkotika,Antihistamin,47314,tablet
OBT01245,Obat Ex,Amoxicillin 923mg,Narkotika,Vitamin,198772,botol
OBT01246,Obat Dignissimos,Cetirizine 631mg,Keras,Analgesik,145008,botol
OBT01247,Obat Quidem,Cetirizine 252mg,Bebas,Antihistamin,152608,botol
OBT01248,Obat Debitis,Metformin 627mg,Narkotika,Antidiabetik,23333,sirup
OBT01249,Obat Recusandae,Ibuprofen 435mg,Bebas Terbatas,Antihistamin,83810,sirup
OBT01250,Obat Aut,Metformin 426mg,Keras,Vitamin,28518,kapsul
OBT01251,Obat Cumque,Ibuprofen 502mg,Narkotika,Vitamin,108626,botol
OBT01252,Obat Dolorem,Metformin 857mg,Bebas Terbatas,Vitamin,188089,kapsul
OBT01253,Obat Nesciunt,Amoxicillin 707mg,Bebas,Antibiotik,37237,sirup
OBT01254,Obat Tenetur,Amoxicillin 619mg,Keras,Analgesik,41608,tablet
OBT01255,Obat Dolor,Metformin 645mg,Narkotika,Vitamin,195073,botol
OBT01256,Obat Totam,Cetirizine 825mg,Keras,Antihistamin,150877,kapsul
OBT01257,Obat Accusamus,Metformin 406mg,Bebas Terbatas,Analgesik,78258,kapsul
OBT01258,Obat Fuga,Cetirizine 935mg,Bebas,Vitamin,118236,botol
OBT01259,Obat Quis,Paracetamol 477mg,Bebas,Antihistamin,60273,tablet
OBT01260,Obat Nobis,Amoxicillin 789mg,Bebas,Analgesik,165024,kapsul
OBT01261,Obat At,Paracetamol 526mg,Bebas,Analgesik,137335,botol
OBT01262,Obat Quisquam,Metformin 415mg,Narkotika,Antidiabetik,88441,kapsul
OBT01263,Obat Quo,Paracetamol 711mg,Bebas Terbatas,Antihistamin,183808,tablet
OBT01264,Obat Cumque,Cetirizine 371mg,Keras,Antidiabetik,94819,botol
OBT01265,Obat Minima,Metformin 691mg,Narkotika,Vitamin,171505,botol
OBT01266,Obat Nisi,Ibuprofen 838mg,Keras,Analgesik,73514,sirup
OBT01267,Obat Aperiam,Paracetamol 697mg,Bebas,Antihistamin,190533,botol
OBT01268,Obat Fugit,Cetirizine 274mg,Bebas Terbatas,Antihistamin,123677,botol
OBT01269,Obat Quos,Metformin 744mg,Narkotika,Antibiotik,76568,kapsul
OBT01270,Obat Provident,Metformin 893mg,Keras,Vitamin,69468,tablet
OBT01271,Obat Eos,Cetirizine 251mg,Keras,Analgesik,178611,sirup
OBT01272,Obat Accusamus,Ibuprofen 132mg,Narkotika,Vitamin,89315,botol
OBT01273,Obat Reprehenderit,Metformin 817mg,Keras,Antibiotik,94556,kapsul
OBT01274,Obat Iure,Paracetamol 295mg,Keras,Antibiotik,60213,sirup
OBT01275,Obat Eos,Paracetamol 551mg,Narkotika,Antihistamin,125533,tablet
OBT01276,Obat Debitis,Amoxicillin 528mg,Bebas Terbatas,Antibiotik,162158,tablet
OBT01277,Obat Omnis,Ibuprofen 522mg,Narkotika,Vitamin,91103,tablet
OBT01278,Obat Enim,Ibuprofen 520mg,Narkotika,Analgesik,9161,sirup
OBT01279,Obat Non,Metformin 893mg,Bebas Terbatas,Antidiabetik,186363,sirup
OBT01280,Obat Iste,Metformin 582mg,Keras,Vitamin,40055,tablet
OBT01281,Obat Unde,Paracetamol 822mg,Narkotika,Antibiotik,174461,kapsul
OBT01282,Obat Repellat,Ibuprofen 631mg,Keras,Antibiotik,5536,sirup
OBT01283,Obat Fuga,Ibuprofen 674mg,Keras,Antihistamin,164589,kapsul
OBT01284,Obat Tempora,Amoxicillin 778mg,Keras,Antihistamin,129919,tablet
OBT01285,Obat Natus,Cetirizine 638mg,Narkotika,Antihistamin,6121,tablet
OBT01286,Obat Dolorem,Cetirizine 421mg,Bebas Terbatas,Vitamin,7510,kapsul
OBT01287,Obat Officia,Ibuprofen 570mg,Bebas,Antidiabetik,181345,tablet
OBT01288,Obat Consequuntur,Metformin 450mg,Bebas Terbatas,Antihistamin,50491,sirup
OBT01289,Obat Temporibus,Metformin 462mg,Narkotika,Analgesik,113308,kapsul
OBT01290,Obat Soluta,Amoxicillin 724mg,Bebas Terbatas,Analgesik,150697,kapsul
OBT01291,Obat Aperiam,Cetirizine 296mg,Bebas,Antihistamin,187580,tablet
OBT01292,Obat Corporis,Ibuprofen 385mg,Bebas Terbatas,Antihistamin,189365,kapsul
OBT01293,Obat Nobis,Metformin 405mg,Narkotika,Antidiabetik,133182,sirup
OBT01294,Obat Distinctio,Ibuprofen 404mg,Keras,Antidiabetik,107967,tablet
OBT01295,Obat Vel,Amoxicillin 821mg,Bebas,Vitamin,146067,tablet
OBT01296,Obat Accusamus,Ibuprofen 806mg,Bebas Terbatas,Vitamin,26272,botol
OBT01297,Obat Recusandae,Cetirizine 424mg,Narkotika,Analgesik,175156,tablet
OBT01298,Obat Dolor,Cetirizine 457mg,Bebas,Antidiabetik,175725,tablet
OBT01299,Obat Officiis,Metformin 914mg,Bebas,Vitamin,25322,sirup
OBT01300,Obat Consequatur,Amoxicillin 394mg,Bebas Terbatas,Vitamin,146203,tablet
OBT01301,Obat Minima,Paracetamol 687mg,Narkotika,Antihistamin,13112,sirup
OBT01302,Obat Consequatur,Metformin 488mg,Narkotika,Antidiabetik,181059,tablet
OBT01303,Obat Exercitationem,Cetirizine 938mg,Bebas,Vitamin,121700,sirup
OBT01304,Obat Ipsam,Amoxicillin 891mg,Bebas,Antihistamin,181225,sirup
OBT01305,Obat Nulla,Ibuprofen 397mg,Keras,Analgesik,37352,botol
OBT01306,Obat Nobis,Paracetamol 394mg,Bebas Terbatas,Antibiotik,97535,kapsul
OBT01307,Obat Autem,Paracetamol 454mg,Keras,Antidiabetik,103664,sirup
OBT01308,Obat Quam,Cetirizine 771mg,Bebas,Analgesik,162630,botol
OBT01309,Obat Cumque,Amoxicillin 865mg,Bebas,Analgesik,98838,sirup
OBT01310,Obat Ut,Cetirizine 319mg,Narkotika,Antidiabetik,106384,kapsul
OBT01311,Obat Assumenda,Ibuprofen 947mg,Narkotika,Antibiotik,51448,tablet
OBT01312,Obat Suscipit,Metformin 377mg,Keras,Antihistamin,187722,sirup
OBT01313,Obat Reiciendis,Metformin 812mg,Bebas,Analgesik,7210,botol
OBT01314,Obat Est,Amoxicillin 240mg,Bebas Terbatas,Analgesik,37706,tablet
OBT01315,Obat Voluptatum,Paracetamol 730mg,Narkotika,Antibiotik,126292,kapsul
OBT01316,Obat Incidunt,Metformin 345mg,Narkotika,Antihistamin,102119,tablet
OBT01317,Obat Aperiam,Ibuprofen 151mg,Bebas,Analgesik,55591,botol
OBT01318,Obat Error,Metformin 331mg,Bebas Terbatas,Antibiotik,121543,botol
OBT01319,Obat Sequi,Ibuprofen 153mg,Keras,Antidiabetik,7454,tablet
OBT01320,Obat Excepturi,Paracetamol 523mg,Bebas Terbatas,Antibiotik,63070,sirup
OBT01321,Obat Velit,Amoxicillin 834mg,Bebas,Antibiotik,199810,kapsul
OBT01322,Obat Soluta,Cetirizine 202mg,Bebas Terbatas,Vitamin,10185,kapsul
OBT01323,Obat Dolorem,Ibuprofen 105mg,Bebas Terbatas,Analgesik,78697,botol
OBT01324,Obat Quas,Metformin 261mg,Bebas,Antihistamin,183403,tablet
OBT01325,Obat Dignissimos,Cetirizine 768mg,Keras,Antidiabetik,190911,tablet
OBT01326,Obat Dignissimos,Cetirizine 588mg,Bebas Terbatas,Vitamin,98800,kapsul
OBT01327,Obat Incidunt,Ibuprofen 874mg,Bebas,Antibiotik,55203,kapsul
OBT01328,Obat Corrupti,Amoxicillin 428mg,Bebas Terbatas,Antidiabetik,28584,kapsul
OBT01329,Obat Rem,Amoxicillin 761mg,Bebas,Antihistamin,165810,kapsul
OBT01330,Obat Possimus,Paracetamol 887mg,Keras,Antidiabetik,168902,sirup
OBT01331,Obat Laborum,Paracetamol 767mg,Narkotika,Antidiabetik,84476,botol
OBT01332,Obat Soluta,Metformin 337mg,Keras,Analgesik,193169,kapsul
OBT01333,Obat Iusto,Metformin 856mg,Narkotika,Antihistamin,62972,sirup
OBT01334,Obat Itaque,Paracetamol 279mg,Narkotika,Antibiotik,66409,sirup
OBT01335,Obat Excepturi,Cetirizine 957mg,Bebas Terbatas,Analgesik,134448,sirup
OBT01336,Obat Voluptatum,Ibuprofen 137mg,Bebas,Analgesik,100158,botol
OBT01337,Obat Et,Cetirizine 906mg,Bebas,Antibiotik,14645,tablet
OBT01338,Obat Hic,Cetirizine 290mg,Bebas,Vitamin,78598,botol
OBT01339,Obat Magni,Amoxicillin 997mg,Keras,Antihistamin,134194,kapsul
OBT01340,Obat Quia,Paracetamol 109mg,Keras,Antidiabetik,189561,kapsul
OBT01341,Obat Corporis,Amoxicillin 681mg,Keras,Vitamin,190327,tablet
OBT01342,Obat Illum,Metformin 209mg,Keras,Antihistamin,163866,kapsul
OBT01343,Obat Similique,Amoxicillin 391mg,Bebas Terbatas,Antihistamin,59810,botol
OBT01344,Obat Quisquam,Cetirizine 756mg,Bebas Terbatas,Antidiabetik,6870,tablet
OBT01345,Obat Accusamus,Metformin 636mg,Narkotika,Vitamin,56402,tablet
OBT01346,Obat Temporibus,Cetirizine 237mg,Narkotika,Vitamin,172362,kapsul
OBT01347,Obat Quidem,Metformin 579mg,Bebas,Vitamin,108831,sirup
OBT01348,Obat Quidem,Amoxicillin 297mg,Keras,Antidiabetik,34083,tablet
OBT01349,Obat At,Paracetamol 438mg,Bebas Terbatas,Antidiabetik,77704,botol
OBT01350,Obat Vel,Ibuprofen 848mg,Narkotika,Antihistamin,154186,tablet
OBT01351,Obat Quia,Cetirizine 763mg,Bebas,Vitamin,136157,botol
OBT01352,Obat Magni,Amoxicillin 835mg,Bebas,Antibiotik,134502,sirup
OBT01353,Obat Modi,Ibuprofen 114mg,Keras,Antihistamin,49689,kapsul
OBT01354,Obat Saepe,Amoxicillin 909mg,Keras,Antibiotik,149647,sirup
OBT01355,Obat Ipsam,Amoxicillin 681mg,Bebas,Antihistamin,55795,kapsul
OBT01356,Obat Blanditiis,Ibuprofen 279mg,Keras,Antibiotik,177972,tablet
OBT01357,Obat Fugit,Metformin 976mg,Keras,Antidiabetik,198675,sirup
OBT01358,Obat Vero,Cetirizine 946mg,Narkotika,Antihistamin,153296,sirup
OBT01359,Obat Illum,Cetirizine 627mg,Narkotika,Antihistamin,181206,sirup
OBT01360,Obat Debitis,Amoxicillin 188mg,Narkotika,Analgesik,183882,tablet
OBT01361,Obat Voluptate,Cetirizine 785mg,Bebas Terbatas,Antibiotik,163065,tablet
OBT01362,Obat Recusandae,Paracetamol 289mg,Keras,Antihistamin,153148,kapsul
OBT01363,Obat Libero,Ibuprofen 588mg,Narkotika,Antihistamin,51013,botol
OBT01364,Obat Magnam,Amoxicillin 354mg,Narkotika,Antidiabetik,22133,sirup
OBT01365,Obat Nulla,Paracetamol 367mg,Bebas,Antibiotik,159183,botol
OBT01366,Obat Quam,Cetirizine 341mg,Narkotika,Vitamin,38619,sirup
OBT01367,Obat Maiores,Cetirizine 871mg,Bebas,Antibiotik,22052,botol
OBT01368,Obat Error,Amoxicillin 437mg,Keras,Vitamin,38405,kapsul
OBT01369,Obat Unde,Amoxicillin 696mg,Bebas,Antihistamin,73058,tablet
OBT01370,Obat Alias,Metformin 111mg,Narkotika,Antibiotik,154396,botol
OBT01371,Obat Nostrum,Amoxicillin 769mg,Bebas Terbatas,Antibiotik,64759,tablet
OBT01372,Obat Blanditiis,Amoxicillin 809mg,Bebas Terbatas,Antibiotik,142122,sirup
OBT01373,Obat Cumque,Ibuprofen 163mg,Keras,Antibiotik,196076,sirup
OBT01374,Obat Numquam,Paracetamol 576mg,Narkotika,Antibiotik,76913,botol
OBT01375,Obat Rerum,Amoxicillin 263mg,Keras,Analgesik,55292,botol
OBT01376,Obat Dolor,Cetirizine 802mg,Bebas,Analgesik,182728,kapsul
OBT01377,Obat Alias,Metformin 820mg,Keras,Antihistamin,11060,botol
OBT01378,Obat Numquam,Amoxicillin 806mg,Bebas Terbatas,Vitamin,186662,sirup
OBT01379,Obat Assumenda,Paracetamol 754mg,Keras,Antibiotik,182664,sirup
OBT01380,Obat Dolor,Amoxicillin 476mg,Bebas,Antidiabetik,144707,sirup
OBT01381,Obat Adipisci,Metformin 326mg,Narkotika,Antihistamin,166076,tablet
OBT01382,Obat Soluta,Ibuprofen 236mg,Keras,Antihistamin,71301,botol
OBT01383,Obat Deleniti,Cetirizine 256mg,Bebas,Antibiotik,183436,botol
OBT01384,Obat Veniam,Cetirizine 865mg,Bebas Terbatas,Antibiotik,151831,sirup
OBT01385,Obat Sunt,Metformin 482mg,Narkotika,Vitamin,123994,tablet
OBT01386,Obat Occaecati,Cetirizine 818mg,Keras,Analgesik,5512,tablet
OBT01387,Obat Enim,Metformin 582mg,Keras,Antihistamin,116965,kapsul
OBT01388,Obat Nisi,Metformin 921mg,Bebas Terbatas,Antihistamin,173025,tablet
OBT01389,Obat Similique,Ibuprofen 880mg,Keras,Antibiotik,181449,kapsul
OBT01390,Obat Maiores,Ibuprofen 796mg,Bebas Terbatas,Antihistamin,175401,tablet
OBT01391,Obat Aperiam,Metformin 994mg,Bebas Terbatas,Antidiabetik,18595,sirup
OBT01392,Obat Quidem,Paracetamol 638mg,Narkotika,Vitamin,89672,botol
OBT01393,Obat Dignissimos,Cetirizine 640mg,Bebas Terbatas,Antibiotik,118389,kapsul
OBT01394,Obat Velit,Amoxicillin 179mg,Bebas Terbatas,Vitamin,111660,botol
OBT01395,Obat Quam,Metformin 214mg,Bebas Terbatas,Antihistamin,76836,tablet
OBT01396,Obat Hic,Paracetamol 948mg,Keras,Analgesik,36907,kapsul
OBT01397,Obat Laboriosam,Metformin 617mg,Bebas Terbatas,Analgesik,183303,botol
OBT01398,Obat Necessitatibus,Ibuprofen 686mg,Bebas Terbatas,Antidiabetik,140867,botol
OBT01399,Obat Repudiandae,Metformin 253mg,Bebas Terbatas,Antidiabetik,127312,tablet
OBT01400,Obat Doloremque,Ibuprofen 435mg,Bebas Terbatas,Antibiotik,134911,sirup
OBT01401,Obat Quas,Metformin 552mg,Keras,Antidiabetik,99757,botol
OBT01402,Obat Amet,Paracetamol 796mg,Bebas Terbatas,Antihistamin,140595,botol
OBT01403,Obat Laboriosam,Ibuprofen 834mg,Bebas,Antibiotik,16394,botol
OBT01404,Obat Saepe,Metformin 600mg,Bebas,Analgesik,194063,tablet
OBT01405,Obat Commodi,Paracetamol 622mg,Bebas,Vitamin,63863,tablet
OBT01406,Obat Voluptas,Cetirizine 928mg,Narkotika,Vitamin,17311,kapsul
OBT01407,Obat Vitae,Paracetamol 564mg,Bebas,Antihistamin,77858,tablet
OBT01408,Obat Qui,Ibuprofen 625mg,Bebas,Antihistamin,115116,botol
OBT01409,Obat Provident,Cetirizine 567mg,Narkotika,Antidiabetik,144568,botol
OBT01410,Obat Deserunt,Metformin 159mg,Keras,Antihistamin,122666,kapsul
OBT01411,Obat Soluta,Metformin 573mg,Keras,Vitamin,87900,botol
OBT01412,Obat Repellat,Amoxicillin 840mg,Narkotika,Antibiotik,6352,sirup
OBT01413,Obat Odit,Paracetamol 505mg,Keras,Vitamin,107723,tablet
OBT01414,Obat Expedita,Amoxicillin 936mg,Narkotika,Antidiabetik,56015,sirup
OBT01415,Obat Aliquid,Paracetamol 863mg,Bebas Terbatas,Antihistamin,92741,sirup
OBT01416,Obat Aspernatur,Ibuprofen 692mg,Keras,Analgesik,26445,botol
OBT01417,Obat Quia,Paracetamol 146mg,Narkotika,Antidiabetik,154899,kapsul
OBT01418,Obat Illum,Cetirizine 452mg,Bebas Terbatas,Analgesik,11651,botol
OBT01419,Obat Doloribus,Paracetamol 654mg,Bebas Terbatas,Antibiotik,198316,tablet
OBT01420,Obat Recusandae,Paracetamol 170mg,Bebas,Vitamin,64147,sirup
OBT01421,Obat Laboriosam,Cetirizine 132mg,Narkotika,Analgesik,185761,botol
OBT01422,Obat Atque,Amoxicillin 518mg,Narkotika,Antihistamin,116101,tablet
OBT01423,Obat Doloremque,Ibuprofen 887mg,Bebas,Analgesik,24514,kapsul
OBT01424,Obat Pariatur,Ibuprofen 884mg,Keras,Antidiabetik,70531,botol
OBT01425,Obat Quaerat,Cetirizine 483mg,Narkotika,Vitamin,56610,kapsul
OBT01426,Obat Aut,Cetirizine 559mg,Bebas Terbatas,Antibiotik,48117,kapsul
OBT01427,Obat Harum,Cetirizine 484mg,Narkotika,Antidiabetik,91304,sirup
OBT01428,Obat Facere,Paracetamol 799mg,Bebas,Antihistamin,86475,tablet
OBT01429,Obat Nemo,Metformin 236mg,Narkotika,Analgesik,21474,botol
OBT01430,Obat Et,Amoxicillin 221mg,Keras,Antihistamin,169100,tablet
OBT01431,Obat Ipsam,Ibuprofen 650mg,Bebas,Analgesik,168917,sirup
OBT01432,Obat Pariatur,Cetirizine 641mg,Bebas,Vitamin,30356,botol
OBT01433,Obat Quisquam,Ibuprofen 845mg,Bebas Terbatas,Antibiotik,12306,botol
OBT01434,Obat Quasi,Ibuprofen 954mg,Narkotika,Vitamin,130820,kapsul
OBT01435,Obat Dolore,Paracetamol 874mg,Bebas,Vitamin,118232,tablet
OBT01436,Obat Perspiciatis,Paracetamol 405mg,Keras,Antibiotik,11297,kapsul
OBT01437,Obat Maiores,Cetirizine 789mg,Keras,Antihistamin,160328,tablet
OBT01438,Obat Sit,Metformin 534mg,Keras,Antibiotik,169180,botol
OBT01439,Obat Facere,Metformin 488mg,Bebas Terbatas,Analgesik,92635,sirup
OBT01440,Obat Nostrum,Ibuprofen 353mg,Keras,Analgesik,70643,sirup
OBT01441,Obat Aliquam,Cetirizine 454mg,Bebas Terbatas,Vitamin,69789,kapsul
OBT01442,Obat Minima,Ibuprofen 382mg,Keras,Antidiabetik,33269,tablet
OBT01443,Obat Occaecati,Ibuprofen 996mg,Narkotika,Analgesik,129145,kapsul
OBT01444,Obat Quae,Paracetamol 132mg,Keras,Vitamin,67484,tablet
OBT01445,Obat Iusto,Cetirizine 729mg,Keras,Antidiabetik,94339,sirup
OBT01446,Obat Cupiditate,Paracetamol 346mg,Bebas Terbatas,Antibiotik,19269,botol
OBT01447,Obat Dicta,Ibuprofen 168mg,Narkotika,Antidiabetik,92448,tablet
OBT01448,Obat Sunt,Paracetamol 708mg,Narkotika,Antihistamin,141229,sirup
OBT01449,Obat Dolore,Paracetamol 557mg,Bebas Terbatas,Vitamin,67060,botol
OBT01450,Obat Eveniet,Metformin 788mg,Narkotika,Vitamin,24113,botol
OBT01451,Obat Deserunt,Paracetamol 350mg,Keras,Vitamin,162277,kapsul
OBT01452,Obat Quia,Paracetamol 511mg,Keras,Analgesik,167415,sirup
OBT01453,Obat Fugiat,Cetirizine 339mg,Narkotika,Antihistamin,119957,kapsul
OBT01454,Obat Adipisci,Metformin 322mg,Keras,Antidiabetik,30079,tablet
OBT01455,Obat Sit,Paracetamol 243mg,Narkotika,Antibiotik,168931,tablet
OBT01456,Obat Ratione,Metformin 396mg,Bebas Terbatas,Antidiabetik,122035,botol
OBT01457,Obat Necessitatibus,Ibuprofen 935mg,Bebas Terbatas,Antihistamin,156764,sirup
OBT01458,Obat Nemo,Metformin 426mg,Bebas Terbatas,Antidiabetik,37722,sirup
OBT01459,Obat Distinctio,Metformin 712mg,Bebas,Antihistamin,27422,kapsul
OBT01460,Obat Sed,Amoxicillin 342mg,Keras,Analgesik,20908,kapsul
OBT01461,Obat Veritatis,Amoxicillin 997mg,Bebas Terbatas,Antihistamin,13740,sirup
OBT01462,Obat Vero,Ibuprofen 776mg,Narkotika,Antihistamin,103931,botol
OBT01463,Obat Itaque,Metformin 326mg,Narkotika,Antihistamin,87124,botol
OBT01464,Obat Tenetur,Cetirizine 407mg,Bebas Terbatas,Antihistamin,186761,botol
OBT01465,Obat Deserunt,Amoxicillin 162mg,Bebas Terbatas,Antidiabetik,22046,kapsul
OBT01466,Obat Hic,Metformin 705mg,Bebas Terbatas,Vitamin,38432,botol
OBT01467,Obat Sunt,Ibuprofen 741mg,Narkotika,Analgesik,21253,sirup
OBT01468,Obat Modi,Cetirizine 669mg,Bebas,Antibiotik,120846,botol
OBT01469,Obat Officia,Cetirizine 148mg,Bebas Terbatas,Antidiabetik,19362,tablet
OBT01470,Obat Eum,Amoxicillin 758mg,Narkotika,Antidiabetik,84028,kapsul
OBT01471,Obat Doloremque,Cetirizine 904mg,Narkotika,Antidiabetik,165101,tablet
OBT01472,Obat Quaerat,Metformin 426mg,Bebas Terbatas,Antihistamin,169150,kapsul
OBT01473,Obat Dolore,Cetirizine 518mg,Keras,Antibiotik,118204,sirup
OBT01474,Obat Iusto,Ibuprofen 407mg,Narkotika,Antidiabetik,22246,sirup
OBT01475,Obat Quas,Cetirizine 288mg,Keras,Antidiabetik,31693,tablet
OBT01476,Obat Nesciunt,Metformin 584mg,Keras,Antibiotik,182619,kapsul
OBT01477,Obat Eius,Ibuprofen 969mg,Bebas,Vitamin,19625,botol
OBT01478,Obat Ipsam,Ibuprofen 407mg,Narkotika,Vitamin,151606,kapsul
OBT01479,Obat Similique,Ibuprofen 925mg,Bebas,Analgesik,18684,botol
OBT01480,Obat Ullam,Cetirizine 159mg,Bebas Terbatas,Antibiotik,82310,sirup
OBT01481,Obat Enim,Metformin 522mg,Bebas,Antibiotik,104996,tablet
OBT01482,Obat Molestias,Cetirizine 670mg,Bebas Terbatas,Antihistamin,110298,botol
OBT01483,Obat Magnam,Metformin 237mg,Keras,Antidiabetik,30121,sirup
OBT01484,Obat Fugit,Cetirizine 348mg,Narkotika,Vitamin,166822,tablet
OBT01485,Obat Rerum,Amoxicillin 308mg,Bebas,Antihistamin,112769,botol
OBT01486,Obat Porro,Amoxicillin 762mg,Narkotika,Analgesik,66108,kapsul
OBT01487,Obat Nesciunt,Paracetamol 560mg,Keras,Vitamin,162175,botol
OBT01488,Obat Reiciendis,Amoxicillin 194mg,Keras,Antidiabetik,177942,tablet
OBT01489,Obat Distinctio,Metformin 841mg,Keras,Analgesik,168579,tablet
OBT01490,Obat Quam,Ibuprofen 152mg,Keras,Analgesik,7780,kapsul
OBT01491,Obat Ab,Amoxicillin 486mg,Keras,Antidiabetik,123859,kapsul
OBT01492,Obat Iusto,Metformin 717mg,Keras,Antihistamin,105642,botol
OBT01493,Obat At,Paracetamol 994mg,Bebas,Antidiabetik,126689,kapsul
OBT01494,Obat Culpa,Paracetamol 292mg,Narkotika,Antibiotik,117225,botol
OBT01495,Obat Dolore,Metformin 841mg,Bebas,Vitamin,167584,kapsul
OBT01496,Obat Dolores,Metformin 322mg,Keras,Antidiabetik,167327,sirup
OBT01497,Obat Delectus,Cetirizine 313mg,Bebas Terbatas,Vitamin,31549,kapsul
OBT01498,Obat Fuga,Amoxicillin 410mg,Bebas Terbatas,Antibiotik,94028,kapsul
OBT01499,Obat Facere,Paracetamol 316mg,Keras,Antibiotik,175635,tablet
OBT01500,Obat Unde,Ibuprofen 859mg,Keras,Antibiotik,182150,sirup
OBT01501,Obat Cum,Paracetamol 864mg,Keras,Antidiabetik,11808,sirup
OBT01502,Obat Officia,Cetirizine 348mg,Narkotika,Antihistamin,124033,tablet
OBT01503,Obat Illum,Metformin 820mg,Narkotika,Vitamin,140584,sirup
OBT01504,Obat Omnis,Ibuprofen 506mg,Bebas,Antidiabetik,91034,sirup
OBT01505,Obat Aliquid,Ibuprofen 665mg,Narkotika,Analgesik,159091,tablet
OBT01506,Obat Eveniet,Amoxicillin 894mg,Keras,Antihistamin,55457,botol
OBT01507,Obat Quo,Amoxicillin 489mg,Narkotika,Vitamin,33313,botol
OBT01508,Obat Adipisci,Cetirizine 646mg,Bebas Terbatas,Antihistamin,31919,botol
OBT01509,Obat Quo,Amoxicillin 415mg,Bebas Terbatas,Antidiabetik,8221,botol
OBT01510,Obat Sit,Amoxicillin 468mg,Keras,Vitamin,161021,sirup
OBT01511,Obat Voluptate,Metformin 609mg,Narkotika,Antidiabetik,191987,sirup
OBT01512,Obat Deleniti,Cetirizine 200mg,Narkotika,Antibiotik,22706,botol
OBT01513,Obat Quo,Cetirizine 879mg,Bebas,Analgesik,160421,sirup
OBT01514,Obat Quae,Amoxicillin 308mg,Bebas,Analgesik,55754,tablet
OBT01515,Obat Quidem,Amoxicillin 420mg,Bebas Terbatas,Antibiotik,155264,kapsul
OBT01516,Obat Nemo,Cetirizine 146mg,Keras,Antihistamin,38025,botol
OBT01517,Obat Blanditiis,Metformin 984mg,Bebas Terbatas,Antihistamin,172081,botol
OBT01518,Obat Corporis,Ibuprofen 859mg,Keras,Antidiabetik,138404,sirup
OBT01519,Obat Temporibus,Ibuprofen 116mg,Keras,Analgesik,72183,kapsul
OBT01520,Obat Rerum,Amoxicillin 666mg,Keras,Antihistamin,98163,kapsul
OBT01521,Obat Nihil,Metformin 693mg,Keras,Antidiabetik,115364,botol
OBT01522,Obat Incidunt,Cetirizine 402mg,Narkotika,Antibiotik,131195,botol
OBT01523,Obat Ea,Ibuprofen 300mg,Keras,Antidiabetik,194955,sirup
OBT01524,Obat Placeat,Amoxicillin 335mg,Narkotika,Antibiotik,167752,botol
OBT01525,Obat Necessitatibus,Cetirizine 683mg,Keras,Analgesik,121555,sirup
OBT01526,Obat Delectus,Ibuprofen 611mg,Narkotika,Analgesik,53738,tablet
OBT01527,Obat Optio,Metformin 770mg,Narkotika,Antihistamin,68740,tablet
OBT01528,Obat Omnis,Amoxicillin 363mg,Bebas Terbatas,Antidiabetik,41090,tablet
OBT01529,Obat Laudantium,Cetirizine 840mg,Bebas Terbatas,Analgesik,16552,tablet
OBT01530,Obat Veniam,Cetirizine 571mg,Bebas,Vitamin,20857,tablet
OBT01531,Obat Quod,Ibuprofen 850mg,Bebas Terbatas,Antihistamin,38470,botol
OBT01532,Obat Exercitationem,Amoxicillin 273mg,Bebas Terbatas,Vitamin,86701,tablet
OBT01533,Obat Totam,Ibuprofen 837mg,Keras,Antidiabetik,158229,botol
OBT01534,Obat Corrupti,Metformin 600mg,Bebas,Vitamin,119254,tablet
OBT01535,Obat Labore,Ibuprofen 655mg,Bebas Terbatas,Antidiabetik,139512,botol
OBT01536,Obat Ratione,Paracetamol 636mg,Bebas Terbatas,Antihistamin,175840,tablet
OBT01537,Obat Modi,Paracetamol 959mg,Narkotika,Antidiabetik,98780,sirup
OBT01538,Obat Maiores,Paracetamol 937mg,Bebas,Analgesik,86576,botol
OBT01539,Obat Reiciendis,Paracetamol 882mg,Bebas,Antihistamin,158004,kapsul
OBT01540,Obat Odit,Paracetamol 522mg,Bebas,Vitamin,146857,kapsul
OBT01541,Obat Molestias,Ibuprofen 962mg,Narkotika,Vitamin,43174,botol
OBT01542,Obat Minus,Ibuprofen 169mg,Bebas,Analgesik,43642,botol
OBT01543,Obat Porro,Ibuprofen 109mg,Bebas,Antihistamin,128082,tablet
OBT01544,Obat Eveniet,Ibuprofen 617mg,Narkotika,Antibiotik,85917,kapsul
OBT01545,Obat Sit,Cetirizine 482mg,Bebas,Vitamin,163159,botol
OBT01546,Obat Magni,Paracetamol 732mg,Bebas,Analgesik,94889,tablet
OBT01547,Obat Maiores,Metformin 594mg,Keras,Antibiotik,81300,sirup
OBT01548,Obat Recusandae,Cetirizine 116mg,Bebas Terbatas,Antihistamin,101686,botol
OBT01549,Obat Soluta,Paracetamol 644mg,Bebas,Antidiabetik,7118,botol
OBT01550,Obat Non,Metformin 521mg,Narkotika,Antibiotik,140706,botol
OBT01551,Obat Consequatur,Paracetamol 117mg,Keras,Antihistamin,158731,tablet
OBT01552,Obat Assumenda,Metformin 839mg,Bebas Terbatas,Antibiotik,177406,sirup
OBT01553,Obat Doloribus,Amoxicillin 648mg,Bebas Terbatas,Analgesik,182812,kapsul
OBT01554,Obat Occaecati,Amoxicillin 117mg,Keras,Antihistamin,42906,sirup
OBT01555,Obat Possimus,Metformin 932mg,Narkotika,Antihistamin,20025,sirup
OBT01556,Obat Repellendus,Cetirizine 925mg,Bebas Terbatas,Antidiabetik,67229,sirup
OBT01557,Obat Tempora,Ibuprofen 209mg,Bebas Terbatas,Antihistamin,137935,sirup
OBT01558,Obat Illum,Paracetamol 636mg,Bebas Terbatas,Analgesik,151656,botol
OBT01559,Obat Dolor,Ibuprofen 346mg,Bebas,Antihistamin,19314,kapsul
OBT01560,Obat Vero,Ibuprofen 734mg,Bebas,Antihistamin,115640,tablet
OBT01561,Obat Quam,Metformin 358mg,Keras,Vitamin,95129,botol
OBT01562,Obat Rerum,Amoxicillin 373mg,Keras,Analgesik,56224,tablet
OBT01563,Obat Quo,Cetirizine 180mg,Narkotika,Vitamin,57526,tablet
OBT01564,Obat Eaque,Amoxicillin 515mg,Narkotika,Antibiotik,172917,tablet
OBT01565,Obat Laboriosam,Cetirizine 678mg,Keras,Antibiotik,57759,kapsul
OBT01566,Obat Mollitia,Ibuprofen 813mg,Narkotika,Analgesik,22931,sirup
OBT01567,Obat Voluptate,Ibuprofen 407mg,Bebas Terbatas,Vitamin,94535,sirup
OBT01568,Obat Fugit,Paracetamol 769mg,Bebas Terbatas,Antibiotik,54638,sirup
OBT01569,Obat Quod,Paracetamol 195mg,Narkotika,Vitamin,180075,kapsul
OBT01570,Obat Explicabo,Cetirizine 488mg,Narkotika,Antihistamin,129708,botol
OBT01571,Obat Vitae,Cetirizine 665mg,Keras,Antihistamin,187132,kapsul
OBT01572,Obat Neque,Cetirizine 157mg,Keras,Antihistamin,186361,botol
OBT01573,Obat At,Paracetamol 819mg,Narkotika,Antihistamin,127526,kapsul
OBT01574,Obat Repudiandae,Ibuprofen 184mg,Bebas Terbatas,Antihistamin,162224,botol
OBT01575,Obat Adipisci,Cetirizine 965mg,Bebas,Analgesik,186512,tablet
OBT01576,Obat Nulla,Cetirizine 760mg,Narkotika,Vitamin,91807,botol
OBT01577,Obat Ipsa,Amoxicillin 679mg,Keras,Vitamin,156626,kapsul
OBT01578,Obat Aspernatur,Paracetamol 640mg,Keras,Antihistamin,153398,botol
OBT01579,Obat Neque,Paracetamol 335mg,Narkotika,Antibiotik,92991,kapsul
OBT01580,Obat Officiis,Ibuprofen 988mg,Keras,Analgesik,166507,botol
OBT01581,Obat Distinctio,Metformin 586mg,Bebas Terbatas,Antibiotik,83546,sirup
OBT01582,Obat Ipsam,Amoxicillin 147mg,Keras,Vitamin,114758,kapsul
OBT01583,Obat Eaque,Paracetamol 800mg,Bebas,Antihistamin,91145,botol
OBT01584,Obat Dolorem,Amoxicillin 656mg,Bebas,Antihistamin,47540,kapsul
OBT01585,Obat Asperiores,Metformin 773mg,Bebas Terbatas,Antidiabetik,32485,tablet
OBT01586,Obat Tempora,Paracetamol 283mg,Keras,Antidiabetik,124092,kapsul
OBT01587,Obat Voluptatum,Amoxicillin 116mg,Keras,Antihistamin,16060,tablet
OBT01588,Obat Voluptatum,Ibuprofen 701mg,Narkotika,Antibiotik,135005,botol
OBT01589,Obat Asperiores,Ibuprofen 870mg,Bebas,Analgesik,62515,sirup
OBT01590,Obat Illum,Cetirizine 178mg,Narkotika,Antibiotik,5969,kapsul
OBT01591,Obat Consequuntur,Amoxicillin 266mg,Narkotika,Antibiotik,172448,sirup
OBT01592,Obat Perspiciatis,Metformin 346mg,Keras,Vitamin,63464,kapsul
OBT01593,Obat Eos,Metformin 954mg,Bebas,Antibiotik,186723,tablet
OBT01594,Obat Earum,Cetirizine 793mg,Narkotika,Antibiotik,65364,tablet
OBT01595,Obat Incidunt,Metformin 439mg,Keras,Vitamin,127299,tablet
OBT01596,Obat Pariatur,Cetirizine 873mg,Bebas Terbatas,Vitamin,168556,botol
OBT01597,Obat Velit,Ibuprofen 909mg,Bebas,Vitamin,60872,tablet
OBT01598,Obat Reiciendis,Paracetamol 612mg,Keras,Vitamin,67657,kapsul
OBT01599,Obat Nisi,Amoxicillin 154mg,Bebas Terbatas,Vitamin,131024,tablet
OBT01600,Obat Facilis,Paracetamol 547mg,Narkotika,Analgesik,197567,tablet
OBT01601,Obat Reiciendis,Ibuprofen 958mg,Narkotika,Antidiabetik,91904,botol
OBT01602,Obat Et,Paracetamol 448mg,Narkotika,Antidiabetik,199007,tablet
OBT01603,Obat Nostrum,Metformin 887mg,Bebas Terbatas,Analgesik,103543,kapsul
OBT01604,Obat Culpa,Metformin 709mg,Bebas Terbatas,Analgesik,58822,botol
OBT01605,Obat Pariatur,Cetirizine 892mg,Narkotika,Antibiotik,109939,sirup
OBT01606,Obat Voluptates,Amoxicillin 130mg,Narkotika,Analgesik,53298,kapsul
OBT01607,Obat Ut,Amoxicillin 902mg,Bebas Terbatas,Antidiabetik,6763,kapsul
OBT01608,Obat Velit,Cetirizine 602mg,Keras,Antihistamin,100110,kapsul
OBT01609,Obat Sequi,Ibuprofen 464mg,Bebas,Antihistamin,7593,sirup
OBT01610,Obat Id,Metformin 484mg,Narkotika,Antihistamin,24328,kapsul
OBT01611,Obat Voluptatibus,Cetirizine 290mg,Bebas Terbatas,Antibiotik,98817,kapsul
OBT01612,Obat Perspiciatis,Metformin 776mg,Keras,Antidiabetik,12868,botol
OBT01613,Obat In,Cetirizine 187mg,Keras,Vitamin,150409,sirup
OBT01614,Obat Impedit,Metformin 402mg,Keras,Vitamin,35196,tablet
OBT01615,Obat Excepturi,Ibuprofen 830mg,Narkotika,Antihistamin,42329,sirup
OBT01616,Obat Iste,Paracetamol 184mg,Bebas Terbatas,Antibiotik,81172,tablet
OBT01617,Obat Architecto,Amoxicillin 257mg,Bebas,Antihistamin,120450,kapsul
OBT01618,Obat Dolorem,Cetirizine 828mg,Bebas Terbatas,Analgesik,55961,tablet
OBT01619,Obat Recusandae,Ibuprofen 857mg,Bebas Terbatas,Analgesik,170500,tablet
OBT01620,Obat Doloribus,Cetirizine 424mg,Keras,Antibiotik,158534,tablet
OBT01621,Obat Ducimus,Amoxicillin 209mg,Bebas,Antibiotik,99348,botol
OBT01622,Obat Officia,Paracetamol 105mg,Narkotika,Antibiotik,16509,tablet
OBT01623,Obat Fugiat,Amoxicillin 555mg,Narkotika,Antibiotik,12781,tablet
OBT01624,Obat Ad,Amoxicillin 879mg,Keras,Antihistamin,57198,kapsul
OBT01625,Obat Iusto,Amoxicillin 204mg,Narkotika,Antibiotik,56858,sirup
OBT01626,Obat Sed,Ibuprofen 189mg,Bebas Terbatas,Antibiotik,79475,sirup
OBT01627,Obat Harum,Ibuprofen 541mg,Keras,Antibiotik,50651,kapsul
OBT01628,Obat Cum,Cetirizine 670mg,Bebas,Analgesik,62395,tablet
OBT01629,Obat At,Metformin 624mg,Bebas Terbatas,Antidiabetik,73681,tablet
OBT01630,Obat Consectetur,Cetirizine 205mg,Bebas,Analgesik,193438,botol
OBT01631,Obat Eveniet,Paracetamol 191mg,Bebas,Analgesik,50687,sirup
OBT01632,Obat Laboriosam,Amoxicillin 667mg,Bebas Terbatas,Analgesik,94081,kapsul
OBT01633,Obat Aliquid,Paracetamol 711mg,Bebas,Antidiabetik,150360,botol
OBT01634,Obat Alias,Metformin 903mg,Keras,Antidiabetik,69478,tablet
OBT01635,Obat Sunt,Amoxicillin 984mg,Keras,Analgesik,51803,botol
OBT01636,Obat Quaerat,Cetirizine 112mg,Bebas Terbatas,Antibiotik,56376,tablet
OBT01637,Obat Nihil,Amoxicillin 523mg,Narkotika,Analgesik,10634,botol
OBT01638,Obat Incidunt,Cetirizine 897mg,Bebas,Analgesik,51157,tablet
OBT01639,Obat Magnam,Paracetamol 842mg,Bebas Terbatas,Vitamin,73626,botol
OBT01640,Obat Deserunt,Metformin 348mg,Bebas,Vitamin,31526,tablet
OBT01641,Obat Voluptate,Metformin 633mg,Bebas Terbatas,Analgesik,10503,kapsul
OBT01642,Obat Ducimus,Ibuprofen 801mg,Bebas,Antidiabetik,182590,botol
OBT01643,Obat Necessitatibus,Cetirizine 273mg,Narkotika,Analgesik,40977,botol
OBT01644,Obat Accusantium,Ibuprofen 375mg,Bebas Terbatas,Antihistamin,104332,sirup
OBT01645,Obat Facilis,Amoxicillin 374mg,Keras,Analgesik,176670,botol
OBT01646,Obat Quia,Cetirizine 249mg,Narkotika,Analgesik,34089,kapsul
OBT01647,Obat Id,Paracetamol 271mg,Keras,Antihistamin,93705,kapsul
OBT01648,Obat Dicta,Cetirizine 382mg,Narkotika,Analgesik,60112,sirup
OBT01649,Obat Neque,Cetirizine 406mg,Keras,Analgesik,84972,tablet
OBT01650,Obat Veniam,Cetirizine 901mg,Narkotika,Analgesik,124591,kapsul
OBT01651,Obat Fugiat,Paracetamol 469mg,Bebas,Vitamin,67953,tablet
OBT01652,Obat Porro,Amoxicillin 352mg,Keras,Antibiotik,101899,tablet
OBT01653,Obat Odio,Cetirizine 708mg,Bebas,Vitamin,102609,sirup
OBT01654,Obat Aliquam,Metformin 300mg,Bebas Terbatas,Antibiotik,178253,sirup
OBT01655,Obat Alias,Cetirizine 209mg,Bebas,Antibiotik,49920,botol
OBT01656,Obat Ipsa,Ibuprofen 411mg,Keras,Antihistamin,143130,tablet
OBT01657,Obat Fugit,Paracetamol 505mg,Narkotika,Analgesik,168369,kapsul
OBT01658,Obat Totam,Amoxicillin 961mg,Bebas,Analgesik,118696,sirup
OBT01659,Obat Sequi,Metformin 489mg,Narkotika,Antibiotik,191369,tablet
OBT01660,Obat Iste,Amoxicillin 550mg,Bebas Terbatas,Antihistamin,22138,kapsul
OBT01661,Obat Explicabo,Amoxicillin 540mg,Bebas Terbatas,Vitamin,36062,tablet
OBT01662,Obat Tempora,Metformin 239mg,Keras,Antihistamin,42862,tablet
OBT01663,Obat Tempore,Amoxicillin 428mg,Narkotika,Antihistamin,39287,kapsul
OBT01664,Obat Laudantium,Metformin 811mg,Bebas,Antibiotik,54713,kapsul
OBT01665,Obat Cupiditate,Ibuprofen 590mg,Bebas,Vitamin,55248,sirup
OBT01666,Obat Architecto,Amoxicillin 281mg,Bebas Terbatas,Vitamin,144606,tablet
OBT01667,Obat Nihil,Cetirizine 426mg,Narkotika,Antibiotik,104141,kapsul
OBT01668,Obat Ullam,Amoxicillin 852mg,Narkotika,Vitamin,187020,tablet
OBT01669,Obat Quos,Cetirizine 689mg,Bebas Terbatas,Vitamin,103108,sirup
OBT01670,Obat Ut,Ibuprofen 433mg,Bebas,Analgesik,88349,kapsul
OBT01671,Obat Vero,Cetirizine 387mg,Bebas Terbatas,Analgesik,162168,kapsul
OBT01672,Obat Fugit,Cetirizine 473mg,Narkotika,Vitamin,117601,tablet
OBT01673,Obat Ab,Paracetamol 677mg,Bebas,Analgesik,171761,kapsul
OBT01674,Obat Optio,Ibuprofen 706mg,Bebas Terbatas,Vitamin,69107,sirup
OBT01675,Obat Architecto,Metformin 284mg,Narkotika,Antibiotik,17109,sirup
OBT01676,Obat Sint,Metformin 127mg,Narkotika,Antibiotik,166488,botol
OBT01677,Obat Et,Cetirizine 825mg,Keras,Antihistamin,158963,kapsul
OBT01678,Obat Molestiae,Ibuprofen 548mg,Keras,Antibiotik,54571,tablet
OBT01679,Obat Tempore,Amoxicillin 951mg,Bebas Terbatas,Vitamin,145369,sirup
OBT01680,Obat Aperiam,Paracetamol 938mg,Bebas,Analgesik,82118,sirup
OBT01681,Obat Officia,Cetirizine 789mg,Bebas,Analgesik,43945,botol
OBT01682,Obat Natus,Cetirizine 242mg,Keras,Antibiotik,90899,botol
OBT01683,Obat Repellat,Amoxicillin 347mg,Narkotika,Vitamin,69794,botol
OBT01684,Obat Sapiente,Amoxicillin 774mg,Keras,Antidiabetik,18961,botol
OBT01685,Obat Neque,Ibuprofen 832mg,Bebas Terbatas,Antihistamin,170008,kapsul
OBT01686,Obat Officia,Cetirizine 908mg,Keras,Vitamin,78419,sirup
OBT01687,Obat Quisquam,Cetirizine 175mg,Bebas,Antibiotik,38150,kapsul
OBT01688,Obat Consequuntur,Cetirizine 712mg,Bebas Terbatas,Antidiabetik,138239,kapsul
OBT01689,Obat Cum,Cetirizine 696mg,Bebas,Analgesik,158113,sirup
OBT01690,Obat Inventore,Cetirizine 647mg,Bebas Terbatas,Antibiotik,133185,botol
OBT01691,Obat Temporibus,Metformin 990mg,Narkotika,Antihistamin,59850,tablet
OBT01692,Obat Autem,Cetirizine 656mg,Keras,Antidiabetik,195656,sirup
OBT01693,Obat Fuga,Paracetamol 909mg,Bebas,Antidiabetik,26340,kapsul
OBT01694,Obat Quisquam,Amoxicillin 818mg,Bebas Terbatas,Antibiotik,128382,kapsul
OBT01695,Obat Eius,Metformin 708mg,Keras,Vitamin,178933,botol
OBT01696,Obat Accusantium,Paracetamol 211mg,Bebas,Antibiotik,166188,botol
OBT01697,Obat Ipsum,Ibuprofen 773mg,Narkotika,Antidiabetik,22006,botol
OBT01698,Obat Architecto,Amoxicillin 270mg,Bebas Terbatas,Analgesik,48891,botol
OBT01699,Obat Delectus,Metformin 145mg,Bebas,Antihistamin,138330,sirup
OBT01700,Obat Aut,Metformin 760mg,Bebas,Analgesik,106742,sirup
OBT01701,Obat Debitis,Cetirizine 870mg,Narkotika,Antidiabetik,174101,tablet
OBT01702,Obat Officiis,Amoxicillin 915mg,Bebas Terbatas,Analgesik,138472,botol
OBT01703,Obat Sit,Cetirizine 208mg,Keras,Vitamin,103111,botol
OBT01704,Obat Vel,Paracetamol 200mg,Bebas,Antibiotik,135701,kapsul
OBT01705,Obat Dolor,Amoxicillin 327mg,Bebas Terbatas,Antidiabetik,141024,sirup
OBT01706,Obat Quis,Metformin 864mg,Bebas Terbatas,Antihistamin,126704,sirup
OBT01707,Obat Omnis,Metformin 671mg,Narkotika,Antihistamin,51923,tablet
OBT01708,Obat Assumenda,Metformin 804mg,Bebas,Vitamin,89364,botol
OBT01709,Obat Eligendi,Metformin 326mg,Keras,Analgesik,191774,kapsul
OBT01710,Obat Sunt,Cetirizine 483mg,Bebas,Analgesik,103010,tablet
OBT01711,Obat Officiis,Cetirizine 574mg,Bebas,Antihistamin,142750,sirup
OBT01712,Obat Maxime,Metformin 807mg,Keras,Antidiabetik,187061,botol
OBT01713,Obat Quis,Metformin 254mg,Bebas Terbatas,Analgesik,131693,sirup
OBT01714,Obat Quas,Amoxicillin 125mg,Bebas,Antidiabetik,192603,sirup
OBT01715,Obat Nulla,Cetirizine 207mg,Bebas Terbatas,Antihistamin,134706,botol
OBT01716,Obat Omnis,Amoxicillin 525mg,Narkotika,Antidiabetik,129192,tablet
OBT01717,Obat Debitis,Paracetamol 218mg,Bebas Terbatas,Vitamin,75342,tablet
OBT01718,Obat Quia,Ibuprofen 456mg,Keras,Antihistamin,157354,kapsul
OBT01719,Obat Natus,Amoxicillin 451mg,Keras,Antidiabetik,110105,sirup
OBT01720,Obat Omnis,Cetirizine 903mg,Narkotika,Antibiotik,172275,botol
OBT01721,Obat Provident,Ibuprofen 633mg,Bebas Terbatas,Vitamin,158087,kapsul
OBT01722,Obat Magni,Cetirizine 456mg,Bebas,Antidiabetik,175324,sirup
OBT01723,Obat Alias,Cetirizine 199mg,Narkotika,Antihistamin,14595,kapsul
OBT01724,Obat Aperiam,Cetirizine 839mg,Keras,Antidiabetik,59316,tablet
OBT01725,Obat Ad,Cetirizine 426mg,Bebas Terbatas,Antibiotik,62547,kapsul
OBT01726,Obat Iure,Paracetamol 407mg,Keras,Analgesik,58215,sirup
OBT01727,Obat Quisquam,Paracetamol 929mg,Bebas,Antidiabetik,123510,sirup
OBT01728,Obat Deleniti,Paracetamol 123mg,Narkotika,Antihistamin,66442,kapsul
OBT01729,Obat Iure,Amoxicillin 763mg,Narkotika,Antibiotik,108782,sirup
OBT01730,Obat Qui,Paracetamol 793mg,Keras,Analgesik,62303,tablet
OBT01731,Obat Cupiditate,Ibuprofen 858mg,Narkotika,Antidiabetik,85215,tablet
OBT01732,Obat Et,Ibuprofen 628mg,Bebas Terbatas,Analgesik,116417,sirup
OBT01733,Obat Laudantium,Ibuprofen 665mg,Bebas Terbatas,Antidiabetik,103850,tablet
OBT01734,Obat Sit,Ibuprofen 438mg,Keras,Antidiabetik,154781,sirup
OBT01735,Obat Nihil,Metformin 536mg,Keras,Vitamin,46211,kapsul
OBT01736,Obat Laborum,Cetirizine 337mg,Narkotika,Analgesik,103069,botol
OBT01737,Obat Ipsa,Cetirizine 744mg,Keras,Analgesik,71723,sirup
OBT01738,Obat Maxime,Ibuprofen 290mg,Bebas Terbatas,Antibiotik,149323,kapsul
OBT01739,Obat Dignissimos,Cetirizine 505mg,Bebas,Antidiabetik,27219,tablet
OBT01740,Obat Et,Paracetamol 855mg,Bebas Terbatas,Antidiabetik,40213,botol
OBT01741,Obat Veritatis,Metformin 302mg,Narkotika,Vitamin,27027,sirup
OBT01742,Obat Quod,Cetirizine 706mg,Keras,Analgesik,82345,kapsul
OBT01743,Obat Aperiam,Cetirizine 498mg,Keras,Antibiotik,121524,kapsul
OBT01744,Obat Sit,Paracetamol 821mg,Keras,Analgesik,141005,tablet
OBT01745,Obat Laudantium,Ibuprofen 310mg,Narkotika,Antihistamin,97163,sirup
OBT01746,Obat Architecto,Amoxicillin 870mg,Bebas,Antibiotik,65339,tablet
OBT01747,Obat Excepturi,Paracetamol 691mg,Narkotika,Antihistamin,158082,botol
OBT01748,Obat Corporis,Paracetamol 918mg,Bebas Terbatas,Antibiotik,15785,botol
OBT01749,Obat Ab,Metformin 291mg,Bebas,Vitamin,126963,sirup
OBT01750,Obat Cumque,Amoxicillin 433mg,Keras,Antidiabetik,139286,sirup
OBT01751,Obat Eum,Ibuprofen 568mg,Bebas Terbatas,Analgesik,167824,kapsul
OBT01752,Obat Aliquam,Paracetamol 368mg,Keras,Antibiotik,93178,kapsul
OBT01753,Obat Alias,Cetirizine 640mg,Bebas,Antidiabetik,116700,tablet
OBT01754,Obat Natus,Amoxicillin 711mg,Narkotika,Antidiabetik,123266,botol
OBT01755,Obat Tempore,Cetirizine 725mg,Bebas Terbatas,Antihistamin,127565,botol
OBT01756,Obat Laborum,Cetirizine 701mg,Narkotika,Vitamin,118378,tablet
OBT01757,Obat Magnam,Paracetamol 456mg,Bebas Terbatas,Vitamin,112204,sirup
OBT01758,Obat Officiis,Amoxicillin 965mg,Keras,Antihistamin,101341,botol
OBT01759,Obat Debitis,Cetirizine 732mg,Keras,Antidiabetik,135427,tablet
OBT01760,Obat Repudiandae,Ibuprofen 933mg,Narkotika,Antihistamin,88105,tablet
OBT01761,Obat Perferendis,Amoxicillin 729mg,Keras,Antidiabetik,76570,botol
OBT01762,Obat Velit,Metformin 186mg,Bebas,Vitamin,105236,kapsul
OBT01763,Obat Nihil,Ibuprofen 420mg,Bebas,Antidiabetik,11479,sirup
OBT01764,Obat Tenetur,Paracetamol 344mg,Bebas,Antidiabetik,52072,botol
OBT01765,Obat Perspiciatis,Amoxicillin 219mg,Bebas,Vitamin,120785,kapsul
OBT01766,Obat Ea,Ibuprofen 482mg,Bebas Terbatas,Antihistamin,66286,tablet
OBT01767,Obat Quae,Ibuprofen 623mg,Bebas Terbatas,Antibiotik,74631,sirup
OBT01768,Obat Placeat,Cetirizine 528mg,Bebas,Antidiabetik,174175,tablet
OBT01769,Obat Saepe,Metformin 241mg,Bebas Terbatas,Analgesik,24893,tablet
OBT01770,Obat Quo,Metformin 492mg,Bebas,Analgesik,99134,botol
OBT01771,Obat Neque,Cetirizine 290mg,Narkotika,Antihistamin,26605,sirup
OBT01772,Obat Delectus,Cetirizine 750mg,Bebas Terbatas,Antidiabetik,82206,kapsul
OBT01773,Obat Blanditiis,Metformin 810mg,Bebas,Antidiabetik,136534,botol
OBT01774,Obat Nesciunt,Ibuprofen 668mg,Bebas,Antibiotik,139425,tablet
OBT01775,Obat Nesciunt,Ibuprofen 601mg,Narkotika,Antibiotik,148301,tablet
OBT01776,Obat Blanditiis,Amoxicillin 243mg,Narkotika,Analgesik,173730,sirup
OBT01777,Obat Temporibus,Ibuprofen 422mg,Keras,Analgesik,25488,tablet
OBT01778,Obat Reprehenderit,Cetirizine 734mg,Bebas,Analgesik,77463,tablet
OBT01779,Obat Delectus,Paracetamol 986mg,Keras,Analgesik,64701,botol
OBT01780,Obat Cumque,Amoxicillin 109mg,Bebas Terbatas,Antidiabetik,30797,tablet
OBT01781,Obat Aliquam,Cetirizine 239mg,Bebas,Analgesik,36087,botol
OBT01782,Obat Harum,Ibuprofen 934mg,Bebas,Antibiotik,23703,sirup
OBT01783,Obat Porro,Cetirizine 675mg,Bebas Terbatas,Antidiabetik,99433,sirup
OBT01784,Obat Quis,Metformin 768mg,Narkotika,Vitamin,15035,sirup
OBT01785,Obat Quos,Cetirizine 518mg,Bebas,Antihistamin,148137,sirup
OBT01786,Obat Provident,Cetirizine 525mg,Narkotika,Antibiotik,57509,botol
OBT01787,Obat Atque,Cetirizine 600mg,Bebas,Antihistamin,92492,tablet
OBT01788,Obat Deserunt,Ibuprofen 184mg,Keras,Vitamin,56549,sirup
OBT01789,Obat Excepturi,Metformin 131mg,Narkotika,Vitamin,181975,botol
OBT01790,Obat Commodi,Ibuprofen 399mg,Keras,Analgesik,91308,tablet
OBT01791,Obat Consectetur,Paracetamol 381mg,Bebas,Analgesik,70542,botol
OBT01792,Obat Pariatur,Ibuprofen 650mg,Keras,Vitamin,84355,sirup
OBT01793,Obat Corrupti,Amoxicillin 272mg,Bebas,Antidiabetik,184185,botol
OBT01794,Obat Vero,Cetirizine 679mg,Bebas,Antidiabetik,76949,botol
OBT01795,Obat Sed,Cetirizine 662mg,Keras,Antibiotik,54975,tablet
OBT01796,Obat Sunt,Metformin 215mg,Bebas,Antihistamin,189979,sirup
OBT01797,Obat Maiores,Metformin 216mg,Bebas Terbatas,Antidiabetik,163343,tablet
OBT01798,Obat Alias,Amoxicillin 893mg,Bebas,Antidiabetik,41140,tablet
OBT01799,Obat Sit,Metformin 943mg,Bebas,Vitamin,192743,kapsul
OBT01800,Obat Optio,Amoxicillin 655mg,Bebas Terbatas,Antihistamin,198939,tablet
OBT01801,Obat Dolorem,Paracetamol 878mg,Narkotika,Vitamin,147377,tablet
OBT01802,Obat Exercitationem,Cetirizine 659mg,Bebas Terbatas,Antihistamin,73455,kapsul
OBT01803,Obat Sint,Ibuprofen 535mg,Bebas Terbatas,Vitamin,7237,tablet
OBT01804,Obat Sed,Paracetamol 853mg,Bebas Terbatas,Vitamin,83505,sirup
OBT01805,Obat Animi,Ibuprofen 404mg,Bebas Terbatas,Analgesik,78884,botol
OBT01806,Obat A,Paracetamol 560mg,Narkotika,Analgesik,95867,kapsul
OBT01807,Obat Dicta,Amoxicillin 456mg,Bebas,Antidiabetik,110856,kapsul
OBT01808,Obat Ipsum,Paracetamol 549mg,Keras,Analgesik,111367,tablet
OBT01809,Obat Necessitatibus,Paracetamol 894mg,Narkotika,Antidiabetik,157031,kapsul
OBT01810,Obat Atque,Ibuprofen 314mg,Narkotika,Antidiabetik,176785,sirup
OBT01811,Obat Doloribus,Metformin 805mg,Bebas,Antihistamin,8117,tablet
OBT01812,Obat Corrupti,Amoxicillin 981mg,Bebas Terbatas,Antidiabetik,128733,tablet
OBT01813,Obat Enim,Metformin 747mg,Bebas Terbatas,Antidiabetik,176466,sirup
OBT01814,Obat Illo,Cetirizine 269mg,Narkotika,Antidiabetik,139387,tablet
OBT01815,Obat Quidem,Metformin 242mg,Keras,Analgesik,44133,tablet
OBT01816,Obat Eveniet,Ibuprofen 933mg,Bebas Terbatas,Analgesik,109203,tablet
OBT01817,Obat Aliquam,Ibuprofen 924mg,Narkotika,Antibiotik,64658,sirup
OBT01818,Obat Id,Paracetamol 683mg,Keras,Vitamin,64487,tablet
OBT01819,Obat Officia,Amoxicillin 645mg,Keras,Antihistamin,194618,sirup
OBT01820,Obat Repellat,Amoxicillin 711mg,Keras,Antibiotik,60017,sirup
OBT01821,Obat Eum,Metformin 272mg,Keras,Antidiabetik,129371,botol
OBT01822,Obat Deleniti,Amoxicillin 820mg,Narkotika,Antidiabetik,66269,sirup
OBT01823,Obat Aspernatur,Amoxicillin 396mg,Narkotika,Antibiotik,140220,kapsul
OBT01824,Obat Vel,Metformin 373mg,Keras,Antihistamin,158879,kapsul
OBT01825,Obat Natus,Metformin 795mg,Bebas Terbatas,Antidiabetik,149864,botol
OBT01826,Obat Commodi,Paracetamol 238mg,Bebas Terbatas,Antidiabetik,127876,tablet
OBT01827,Obat Temporibus,Cetirizine 160mg,Narkotika,Analgesik,194401,kapsul
OBT01828,Obat Consectetur,Amoxicillin 987mg,Keras,Vitamin,125953,sirup
OBT01829,Obat Deserunt,Ibuprofen 818mg,Keras,Antidiabetik,94301,kapsul
OBT01830,Obat Dolore,Ibuprofen 355mg,Narkotika,Vitamin,27511,botol
OBT01831,Obat Aperiam,Ibuprofen 828mg,Narkotika,Vitamin,87070,botol
OBT01832,Obat Veniam,Amoxicillin 948mg,Narkotika,Vitamin,54242,tablet
OBT01833,Obat Molestiae,Ibuprofen 879mg,Bebas,Antidiabetik,117405,kapsul
OBT01834,Obat Dicta,Cetirizine 601mg,Bebas,Antidiabetik,187961,botol
OBT01835,Obat Saepe,Ibuprofen 691mg,Keras,Vitamin,114494,botol
OBT01836,Obat Eos,Amoxicillin 742mg,Bebas,Antibiotik,59941,sirup
OBT01837,Obat Repellendus,Cetirizine 484mg,Bebas Terbatas,Vitamin,119997,sirup
OBT01838,Obat Voluptates,Cetirizine 177mg,Keras,Analgesik,122957,botol
OBT01839,Obat Quisquam,Paracetamol 512mg,Bebas,Antidiabetik,151393,kapsul
OBT01840,Obat Maiores,Metformin 867mg,Keras,Antihistamin,12891,tablet
OBT01841,Obat At,Amoxicillin 811mg,Bebas Terbatas,Antidiabetik,103225,sirup
OBT01842,Obat Consectetur,Amoxicillin 565mg,Bebas Terbatas,Vitamin,41424,sirup
OBT01843,Obat Voluptate,Cetirizine 435mg,Keras,Antidiabetik,156390,tablet
OBT01844,Obat Odio,Metformin 102mg,Bebas,Vitamin,38645,sirup
OBT01845,Obat Aspernatur,Paracetamol 848mg,Keras,Antihistamin,85103,kapsul
OBT01846,Obat Officiis,Cetirizine 750mg,Bebas Terbatas,Antihistamin,198411,kapsul
OBT01847,Obat Voluptates,Amoxicillin 970mg,Bebas,Antihistamin,7537,tablet
OBT01848,Obat Neque,Paracetamol 914mg,Bebas,Analgesik,136019,tablet
OBT01849,Obat Animi,Metformin 507mg,Narkotika,Analgesik,177713,botol
OBT01850,Obat Delectus,Ibuprofen 539mg,Keras,Vitamin,97972,tablet
OBT01851,Obat Debitis,Ibuprofen 606mg,Bebas Terbatas,Analgesik,94082,kapsul
OBT01852,Obat Iure,Amoxicillin 430mg,Bebas Terbatas,Antibiotik,64111,tablet
OBT01853,Obat Doloribus,Amoxicillin 445mg,Keras,Antihistamin,114876,kapsul
OBT01854,Obat Quos,Metformin 691mg,Keras,Antihistamin,116599,botol
OBT01855,Obat Quaerat,Ibuprofen 679mg,Bebas Terbatas,Vitamin,184768,botol
OBT01856,Obat Accusantium,Cetirizine 907mg,Bebas Terbatas,Analgesik,110740,kapsul
OBT01857,Obat Cupiditate,Amoxicillin 798mg,Keras,Antihistamin,186015,botol
OBT01858,Obat Quos,Paracetamol 147mg,Keras,Antidiabetik,145929,tablet
OBT01859,Obat Eum,Paracetamol 741mg,Bebas,Analgesik,83548,sirup
OBT01860,Obat Quidem,Cetirizine 116mg,Narkotika,Antidiabetik,90479,kapsul
OBT01861,Obat Fuga,Paracetamol 978mg,Bebas Terbatas,Antihistamin,158866,sirup
OBT01862,Obat Explicabo,Ibuprofen 551mg,Bebas,Antihistamin,11092,sirup
OBT01863,Obat Molestiae,Cetirizine 100mg,Keras,Antidiabetik,153787,botol
OBT01864,Obat Totam,Cetirizine 307mg,Narkotika,Antihistamin,13443,kapsul
OBT01865,Obat Quia,Ibuprofen 765mg,Bebas Terbatas,Analgesik,41473,tablet
OBT01866,Obat Placeat,Amoxicillin 262mg,Narkotika,Antibiotik,45289,kapsul
OBT01867,Obat Suscipit,Amoxicillin 195mg,Bebas,Antibiotik,91573,kapsul
OBT01868,Obat Deleniti,Amoxicillin 356mg,Keras,Antibiotik,153947,sirup
OBT01869,Obat Ex,Paracetamol 480mg,Bebas,Antihistamin,170108,botol
OBT01870,Obat Eaque,Ibuprofen 153mg,Narkotika,Vitamin,163073,botol
OBT01871,Obat Voluptatem,Cetirizine 740mg,Bebas,Analgesik,164340,kapsul
OBT01872,Obat Dolor,Amoxicillin 843mg,Bebas,Analgesik,155438,botol
OBT01873,Obat Totam,Ibuprofen 539mg,Keras,Antihistamin,107468,kapsul
OBT01874,Obat Rerum,Paracetamol 820mg,Keras,Analgesik,104960,tablet
OBT01875,Obat Vel,Paracetamol 101mg,Narkotika,Antihistamin,58531,sirup
OBT01876,Obat Asperiores,Ibuprofen 588mg,Narkotika,Antibiotik,107402,botol
OBT01877,Obat Sint,Paracetamol 235mg,Bebas,Analgesik,21700,kapsul
OBT01878,Obat Esse,Metformin 331mg,Bebas Terbatas,Vitamin,145113,sirup
OBT01879,Obat Facilis,Metformin 796mg,Bebas,Antihistamin,106301,tablet
OBT01880,Obat Labore,Cetirizine 109mg,Narkotika,Analgesik,54371,kapsul
OBT01881,Obat Repudiandae,Paracetamol 812mg,Bebas,Antidiabetik,129460,botol
OBT01882,Obat Aut,Amoxicillin 936mg,Keras,Antidiabetik,33478,tablet
OBT01883,Obat Deleniti,Paracetamol 980mg,Bebas,Vitamin,91203,tablet
OBT01884,Obat Ullam,Cetirizine 810mg,Keras,Vitamin,154294,kapsul
OBT01885,Obat Non,Ibuprofen 589mg,Bebas Terbatas,Antidiabetik,123367,tablet
OBT01886,Obat Placeat,Paracetamol 334mg,Keras,Antihistamin,172510,botol
OBT01887,Obat Nesciunt,Cetirizine 191mg,Bebas Terbatas,Analgesik,84860,kapsul
OBT01888,Obat Non,Paracetamol 205mg,Bebas Terbatas,Antidiabetik,29442,sirup
OBT01889,Obat Explicabo,Amoxicillin 476mg,Bebas,Vitamin,49937,tablet
OBT01890,Obat Et,Amoxicillin 240mg,Narkotika,Analgesik,32345,botol
OBT01891,Obat Pariatur,Cetirizine 892mg,Narkotika,Antihistamin,181917,botol
OBT01892,Obat Non,Ibuprofen 756mg,Bebas,Antidiabetik,149941,sirup
OBT01893,Obat Nobis,Ibuprofen 170mg,Bebas Terbatas,Vitamin,51566,sirup
OBT01894,Obat Autem,Metformin 676mg,Narkotika,Antidiabetik,13404,tablet
OBT01895,Obat Eligendi,Paracetamol 724mg,Keras,Antihistamin,185623,tablet
OBT01896,Obat Tenetur,Ibuprofen 550mg,Narkotika,Vitamin,163168,sirup
OBT01897,Obat Veniam,Amoxicillin 839mg,Bebas Terbatas,Analgesik,133087,botol
OBT01898,Obat Ullam,Ibuprofen 743mg,Bebas Terbatas,Antidiabetik,12035,kapsul
OBT01899,Obat Dignissimos,Ibuprofen 521mg,Keras,Analgesik,53940,kapsul
OBT01900,Obat Veniam,Metformin 803mg,Bebas,Antibiotik,57166,botol
OBT01901,Obat Suscipit,Cetirizine 980mg,Narkotika,Antihistamin,23216,botol
OBT01902,Obat Laudantium,Ibuprofen 188mg,Bebas,Antidiabetik,106159,sirup
OBT01903,Obat Soluta,Paracetamol 243mg,Narkotika,Vitamin,79401,tablet
OBT01904,Obat Reprehenderit,Paracetamol 703mg,Keras,Antihistamin,58973,botol
OBT01905,Obat Consequuntur,Cetirizine 459mg,Bebas,Antibiotik,66089,sirup
OBT01906,Obat Reiciendis,Cetirizine 422mg,Narkotika,Vitamin,81311,sirup
OBT01907,Obat Dolorem,Ibuprofen 353mg,Narkotika,Antihistamin,177902,tablet
OBT01908,Obat Aperiam,Amoxicillin 760mg,Bebas Terbatas,Antihistamin,142467,tablet
OBT01909,Obat Sint,Paracetamol 354mg,Bebas Terbatas,Antidiabetik,23344,botol
OBT01910,Obat Molestias,Metformin 715mg,Narkotika,Antibiotik,124187,botol
OBT01911,Obat Quis,Metformin 838mg,Bebas Terbatas,Antidiabetik,20061,kapsul
OBT01912,Obat Quidem,Metformin 391mg,Narkotika,Analgesik,101639,sirup
OBT01913,Obat Occaecati,Paracetamol 968mg,Narkotika,Vitamin,140929,kapsul
OBT01914,Obat Amet,Amoxicillin 310mg,Bebas Terbatas,Antibiotik,7895,botol
OBT01915,Obat Temporibus,Metformin 721mg,Bebas Terbatas,Antihistamin,50043,kapsul
OBT01916,Obat Beatae,Metformin 293mg,Bebas Terbatas,Antihistamin,90661,sirup
OBT01917,Obat Odit,Cetirizine 402mg,Bebas,Analgesik,112704,botol
OBT01918,Obat Eos,Paracetamol 902mg,Keras,Antihistamin,107525,botol
OBT01919,Obat Dolores,Ibuprofen 606mg,Narkotika,Vitamin,46165,tablet
OBT01920,Obat Repudiandae,Cetirizine 215mg,Keras,Antidiabetik,34030,tablet
OBT01921,Obat Similique,Ibuprofen 611mg,Bebas,Antibiotik,38852,kapsul
OBT01922,Obat Provident,Metformin 172mg,Bebas,Vitamin,145627,tablet
OBT01923,Obat Corporis,Metformin 112mg,Narkotika,Analgesik,114684,kapsul
OBT01924,Obat Molestias,Amoxicillin 424mg,Narkotika,Vitamin,130370,tablet
OBT01925,Obat Occaecati,Ibuprofen 496mg,Keras,Analgesik,199810,tablet
OBT01926,Obat Numquam,Metformin 530mg,Keras,Vitamin,23025,tablet
OBT01927,Obat Maiores,Amoxicillin 659mg,Bebas Terbatas,Antihistamin,106972,sirup
OBT01928,Obat Beatae,Ibuprofen 881mg,Keras,Antihistamin,59127,kapsul
OBT01929,Obat Fuga,Cetirizine 888mg,Keras,Analgesik,39060,tablet
OBT01930,Obat Recusandae,Paracetamol 117mg,Bebas,Vitamin,58916,tablet
OBT01931,Obat Incidunt,Metformin 169mg,Keras,Vitamin,86200,sirup
OBT01932,Obat Illum,Paracetamol 368mg,Bebas Terbatas,Antidiabetik,118298,kapsul
OBT01933,Obat Similique,Ibuprofen 140mg,Keras,Antidiabetik,191036,botol
OBT01934,Obat Dolore,Paracetamol 908mg,Narkotika,Antibiotik,179271,botol
OBT01935,Obat Consectetur,Cetirizine 618mg,Bebas Terbatas,Antihistamin,129460,botol
OBT01936,Obat Nemo,Amoxicillin 743mg,Narkotika,Analgesik,46623,tablet
OBT01937,Obat Aut,Metformin 885mg,Bebas,Antihistamin,163258,kapsul
OBT01938,Obat Odit,Cetirizine 533mg,Bebas Terbatas,Vitamin,155756,sirup
OBT01939,Obat Animi,Cetirizine 184mg,Bebas Terbatas,Antihistamin,86346,botol
OBT01940,Obat Totam,Metformin 650mg,Keras,Antidiabetik,159007,kapsul
OBT01941,Obat Harum,Metformin 256mg,Bebas Terbatas,Vitamin,58208,kapsul
OBT01942,Obat Rerum,Amoxicillin 185mg,Bebas,Antihistamin,136720,kapsul
OBT01943,Obat Adipisci,Amoxicillin 180mg,Bebas,Antibiotik,192897,sirup
OBT01944,Obat Commodi,Metformin 308mg,Bebas,Antidiabetik,184525,sirup
OBT01945,Obat Odit,Ibuprofen 649mg,Bebas Terbatas,Antidiabetik,125312,sirup
OBT01946,Obat Cumque,Amoxicillin 500mg,Bebas Terbatas,Antihistamin,77205,tablet
OBT01947,Obat Ab,Metformin 749mg,Keras,Vitamin,57875,tablet
OBT01948,Obat Facilis,Paracetamol 417mg,Bebas,Vitamin,6951,kapsul
OBT01949,Obat Reprehenderit,Cetirizine 847mg,Keras,Antidiabetik,42405,botol
OBT01950,Obat Nesciunt,Ibuprofen 159mg,Bebas,Vitamin,121845,sirup
OBT01951,Obat Vero,Ibuprofen 188mg,Keras,Antibiotik,21769,kapsul
OBT01952,Obat Magni,Cetirizine 218mg,Narkotika,Analgesik,109657,kapsul
OBT01953,Obat Recusandae,Cetirizine 726mg,Narkotika,Vitamin,163557,sirup
OBT01954,Obat Ad,Metformin 156mg,Bebas,Antibiotik,69707,tablet
OBT01955,Obat Quas,Amoxicillin 782mg,Keras,Vitamin,142850,kapsul
OBT01956,Obat Aliquam,Ibuprofen 222mg,Bebas Terbatas,Antidiabetik,91216,kapsul
OBT01957,Obat Dicta,Paracetamol 824mg,Bebas Terbatas,Antibiotik,154219,sirup
OBT01958,Obat Fugit,Ibuprofen 818mg,Bebas Terbatas,Antidiabetik,133701,botol
OBT01959,Obat Asperiores,Paracetamol 267mg,Keras,Antihistamin,125639,kapsul
OBT01960,Obat Quasi,Cetirizine 455mg,Narkotika,Vitamin,126292,tablet
OBT01961,Obat Explicabo,Metformin 629mg,Bebas Terbatas,Vitamin,156029,botol
OBT01962,Obat Possimus,Amoxicillin 270mg,Bebas,Antidiabetik,15245,botol
OBT01963,Obat Natus,Amoxicillin 229mg,Narkotika,Vitamin,198276,sirup
OBT01964,Obat Temporibus,Amoxicillin 850mg,Bebas,Analgesik,28882,tablet
OBT01965,Obat Recusandae,Paracetamol 889mg,Keras,Vitamin,80474,kapsul
OBT01966,Obat Nisi,Paracetamol 443mg,Bebas Terbatas,Antibiotik,174423,sirup
OBT01967,Obat In,Cetirizine 378mg,Bebas,Antihistamin,124618,tablet
OBT01968,Obat In,Metformin 165mg,Keras,Antidiabetik,95906,kapsul
OBT01969,Obat Saepe,Amoxicillin 829mg,Bebas Terbatas,Antibiotik,188583,tablet
OBT01970,Obat Tenetur,Metformin 742mg,Keras,Antibiotik,191554,sirup
OBT01971,Obat Iste,Paracetamol 608mg,Bebas,Antibiotik,82974,botol
OBT01972,Obat Maxime,Cetirizine 623mg,Narkotika,Antihistamin,107521,tablet
OBT01973,Obat Odio,Amoxicillin 156mg,Bebas,Antidiabetik,165701,botol
OBT01974,Obat Cum,Cetirizine 979mg,Bebas,Antidiabetik,50908,kapsul
OBT01975,Obat Dignissimos,Metformin 270mg,Narkotika,Antihistamin,113803,botol
OBT01976,Obat Dolor,Amoxicillin 261mg,Keras,Analgesik,70309,tablet
OBT01977,Obat Dolores,Amoxicillin 891mg,Keras,Antibiotik,52075,tablet
OBT01978,Obat Modi,Paracetamol 687mg,Bebas,Antidiabetik,166935,tablet
OBT01979,Obat Incidunt,Paracetamol 333mg,Bebas,Antihistamin,197215,sirup
OBT01980,Obat Quis,Metformin 102mg,Keras,Antihistamin,118266,kapsul
OBT01981,Obat Asperiores,Paracetamol 979mg,Narkotika,Antibiotik,125016,kapsul
OBT01982,Obat Ipsum,Paracetamol 350mg,Bebas Terbatas,Antihistamin,105837,kapsul
OBT01983,Obat Dolor,Paracetamol 583mg,Narkotika,Vitamin,177773,tablet
OBT01984,Obat Accusantium,Amoxicillin 492mg,Bebas,Antibiotik,53088,tablet
OBT01985,Obat Ex,Ibuprofen 283mg,Keras,Antidiabetik,188113,sirup
OBT01986,Obat Debitis,Paracetamol 666mg,Narkotika,Antibiotik,154059,sirup
OBT01987,Obat Provident,Cetirizine 329mg,Bebas,Analgesik,30043,botol
OBT01988,Obat Voluptates,Amoxicillin 354mg,Bebas Terbatas,Antibiotik,108167,botol
OBT01989,Obat Hic,Cetirizine 837mg,Bebas Terbatas,Antibiotik,188145,sirup
OBT01990,Obat Ipsum,Amoxicillin 377mg,Narkotika,Analgesik,16446,sirup
OBT01991,Obat Debitis,Paracetamol 685mg,Bebas,Antibiotik,67834,botol
OBT01992,Obat Possimus,Amoxicillin 222mg,Bebas,Antihistamin,46400,sirup
OBT01993,Obat Voluptatibus,Metformin 789mg,Bebas Terbatas,Antidiabetik,76768,sirup
OBT01994,Obat Ut,Paracetamol 283mg,Keras,Antidiabetik,169648,botol
OBT01995,Obat Corrupti,Ibuprofen 923mg,Keras,Vitamin,145964,tablet
OBT01996,Obat Consequuntur,Metformin 147mg,Narkotika,Antidiabetik,81517,sirup
OBT01997,Obat Mollitia,Cetirizine 170mg,Narkotika,Antidiabetik,179760,sirup
OBT01998,Obat At,Cetirizine 986mg,Bebas Terbatas,Analgesik,22496,sirup
OBT01999,Obat Eaque,Amoxicillin 892mg,Bebas,Antibiotik,187988,botol
